booking_passenger_id,booking_id,passenger_id,passenger_type,seq_in_booking
BKP-00001,BKG-00001,PSG-00086,adult,1
BKP-00002,BKG-00002,PSG-00128,adult,1
BKP-00003,BKG-00003,PSG-00036,adult,1
BKP-00004,BKG-00004,PSG-00003,adult,1
BKP-00005,BKG-00004,PSG-00101,adult,2
BKP-00006,BKG-00005,PSG-00089,adult,1
BKP-00007,BKG-00005,PSG-00135,adult,2
BKP-00008,BKG-00006,PSG-00130,adult,1
BKP-00009,BKG-00006,PSG-00001,adult,2
BKP-00010,BKG-00007,PSG-00125,adult,1
BKP-00011,BKG-00008,PSG-00128,child,1
BKP-00012,BKG-00009,PSG-00042,adult,1
BKP-00013,BKG-00009,PSG-00082,adult,2
BKP-00014,BKG-00010,PSG-00010,adult,1
BKP-00015,BKG-00010,PSG-00072,child,2
BKP-00016,BKG-00010,PSG-00060,adult,3
BKP-00017,BKG-00011,PSG-00122,adult,1
BKP-00018,BKG-00012,PSG-00072,adult,1
BKP-00019,BKG-00012,PSG-00073,child,2
BKP-00020,BKG-00013,PSG-00107,adult,1
BKP-00021,BKG-00014,PSG-00044,adult,1
BKP-00022,BKG-00015,PSG-00108,adult,1
BKP-00023,BKG-00016,PSG-00029,child,1
BKP-00024,BKG-00016,PSG-00148,adult,2
BKP-00025,BKG-00017,PSG-00048,adult,1
BKP-00026,BKG-00017,PSG-00047,adult,2
BKP-00027,BKG-00018,PSG-00062,adult,1
BKP-00028,BKG-00019,PSG-00145,adult,1
BKP-00029,BKG-00020,PSG-00132,adult,1
BKP-00030,BKG-00021,PSG-00080,adult,1
BKP-00031,BKG-00021,PSG-00023,adult,2
BKP-00032,BKG-00021,PSG-00119,adult,3
BKP-00033,BKG-00022,PSG-00111,adult,1
BKP-00034,BKG-00023,PSG-00084,adult,1
BKP-00035,BKG-00023,PSG-00130,adult,2
BKP-00036,BKG-00024,PSG-00135,adult,1
BKP-00037,BKG-00025,PSG-00145,adult,1
BKP-00038,BKG-00025,PSG-00143,adult,2
BKP-00039,BKG-00025,PSG-00078,adult,3
BKP-00040,BKG-00026,PSG-00063,adult,1
BKP-00041,BKG-00026,PSG-00105,adult,2
BKP-00042,BKG-00027,PSG-00122,adult,1
BKP-00043,BKG-00028,PSG-00093,child,1
BKP-00044,BKG-00028,PSG-00147,adult,2
BKP-00045,BKG-00028,PSG-00041,adult,3
BKP-00046,BKG-00029,PSG-00051,adult,1
BKP-00047,BKG-00030,PSG-00130,adult,1
BKP-00048,BKG-00031,PSG-00141,child,1
BKP-00049,BKG-00031,PSG-00047,adult,2
BKP-00050,BKG-00032,PSG-00041,adult,1
BKP-00051,BKG-00033,PSG-00054,adult,1
BKP-00052,BKG-00034,PSG-00081,adult,1
BKP-00053,BKG-00034,PSG-00135,adult,2
BKP-00054,BKG-00034,PSG-00017,adult,3
BKP-00055,BKG-00035,PSG-00087,adult,1
BKP-00056,BKG-00036,PSG-00067,adult,1
BKP-00057,BKG-00037,PSG-00130,adult,1
BKP-00058,BKG-00038,PSG-00107,adult,1
BKP-00059,BKG-00038,PSG-00011,adult,2
BKP-00060,BKG-00038,PSG-00111,adult,3
BKP-00061,BKG-00039,PSG-00020,adult,1
BKP-00062,BKG-00040,PSG-00146,adult,1
BKP-00063,BKG-00041,PSG-00072,infant,1
BKP-00064,BKG-00042,PSG-00042,adult,1
BKP-00065,BKG-00043,PSG-00092,adult,1
BKP-00066,BKG-00043,PSG-00132,adult,2
BKP-00067,BKG-00044,PSG-00026,adult,1
BKP-00068,BKG-00044,PSG-00126,adult,2
BKP-00069,BKG-00044,PSG-00139,adult,3
BKP-00070,BKG-00045,PSG-00008,adult,1
BKP-00071,BKG-00045,PSG-00123,adult,2
BKP-00072,BKG-00046,PSG-00137,adult,1
BKP-00073,BKG-00047,PSG-00071,adult,1
BKP-00074,BKG-00048,PSG-00039,adult,1
BKP-00075,BKG-00049,PSG-00075,adult,1
BKP-00076,BKG-00049,PSG-00031,adult,2
BKP-00077,BKG-00050,PSG-00144,child,1
BKP-00078,BKG-00050,PSG-00111,adult,2
BKP-00079,BKG-00051,PSG-00054,adult,1
BKP-00080,BKG-00052,PSG-00042,adult,1
BKP-00081,BKG-00053,PSG-00035,adult,1
BKP-00082,BKG-00053,PSG-00019,adult,2
BKP-00083,BKG-00054,PSG-00077,adult,1
BKP-00084,BKG-00055,PSG-00085,adult,1
BKP-00085,BKG-00055,PSG-00022,adult,2
BKP-00086,BKG-00055,PSG-00092,adult,3
BKP-00087,BKG-00056,PSG-00049,adult,1
BKP-00088,BKG-00056,PSG-00135,child,2
BKP-00089,BKG-00056,PSG-00004,adult,3
BKP-00090,BKG-00057,PSG-00012,adult,1
BKP-00091,BKG-00057,PSG-00067,adult,2
BKP-00092,BKG-00058,PSG-00141,adult,1
BKP-00093,BKG-00058,PSG-00106,adult,2
BKP-00094,BKG-00059,PSG-00015,adult,1
BKP-00095,BKG-00059,PSG-00016,adult,2
BKP-00096,BKG-00060,PSG-00001,adult,1
BKP-00097,BKG-00060,PSG-00082,adult,2
BKP-00098,BKG-00060,PSG-00080,adult,3
BKP-00099,BKG-00061,PSG-00125,adult,1
BKP-00100,BKG-00062,PSG-00120,child,1
BKP-00101,BKG-00062,PSG-00049,adult,2
BKP-00102,BKG-00063,PSG-00049,adult,1
BKP-00103,BKG-00064,PSG-00047,infant,1
BKP-00104,BKG-00065,PSG-00073,adult,1
BKP-00105,BKG-00065,PSG-00004,adult,2
BKP-00106,BKG-00065,PSG-00110,adult,3
BKP-00107,BKG-00066,PSG-00069,adult,1
BKP-00108,BKG-00066,PSG-00077,adult,2
BKP-00109,BKG-00066,PSG-00026,adult,3
BKP-00110,BKG-00067,PSG-00104,adult,1
BKP-00111,BKG-00068,PSG-00046,adult,1
BKP-00112,BKG-00068,PSG-00009,adult,2
BKP-00113,BKG-00068,PSG-00008,adult,3
BKP-00114,BKG-00069,PSG-00109,adult,1
BKP-00115,BKG-00069,PSG-00019,adult,2
BKP-00116,BKG-00070,PSG-00052,adult,1
BKP-00117,BKG-00070,PSG-00013,adult,2
BKP-00118,BKG-00071,PSG-00057,adult,1
BKP-00119,BKG-00072,PSG-00131,adult,1
BKP-00120,BKG-00073,PSG-00044,adult,1
BKP-00121,BKG-00073,PSG-00145,adult,2
BKP-00122,BKG-00074,PSG-00061,adult,1
BKP-00123,BKG-00074,PSG-00037,infant,2
BKP-00124,BKG-00075,PSG-00025,adult,1
BKP-00125,BKG-00076,PSG-00021,adult,1
BKP-00126,BKG-00077,PSG-00041,adult,1
BKP-00127,BKG-00078,PSG-00095,child,1
BKP-00128,BKG-00078,PSG-00146,adult,2
BKP-00129,BKG-00079,PSG-00129,adult,1
BKP-00130,BKG-00080,PSG-00113,adult,1
BKP-00131,BKG-00080,PSG-00017,adult,2
BKP-00132,BKG-00080,PSG-00004,adult,3
BKP-00133,BKG-00081,PSG-00030,adult,1
BKP-00134,BKG-00082,PSG-00001,adult,1
BKP-00135,BKG-00083,PSG-00103,adult,1
BKP-00136,BKG-00084,PSG-00038,adult,1
BKP-00137,BKG-00084,PSG-00081,adult,2
BKP-00138,BKG-00085,PSG-00150,adult,1
BKP-00139,BKG-00086,PSG-00001,adult,1
BKP-00140,BKG-00087,PSG-00042,adult,1
BKP-00141,BKG-00088,PSG-00143,adult,1
BKP-00142,BKG-00088,PSG-00035,adult,2
BKP-00143,BKG-00089,PSG-00067,adult,1
BKP-00144,BKG-00090,PSG-00016,adult,1
BKP-00145,BKG-00091,PSG-00130,adult,1
BKP-00146,BKG-00092,PSG-00091,adult,1
BKP-00147,BKG-00093,PSG-00115,adult,1
BKP-00148,BKG-00094,PSG-00142,adult,1
BKP-00149,BKG-00094,PSG-00095,adult,2
BKP-00150,BKG-00094,PSG-00081,child,3
BKP-00151,BKG-00095,PSG-00007,child,1
BKP-00152,BKG-00096,PSG-00047,adult,1
BKP-00153,BKG-00097,PSG-00149,adult,1
BKP-00154,BKG-00098,PSG-00106,adult,1
BKP-00155,BKG-00098,PSG-00062,adult,2
BKP-00156,BKG-00098,PSG-00098,adult,3
BKP-00157,BKG-00099,PSG-00028,adult,1
BKP-00158,BKG-00099,PSG-00034,adult,2
BKP-00159,BKG-00100,PSG-00073,adult,1
BKP-00160,BKG-00100,PSG-00141,adult,2
BKP-00161,BKG-00101,PSG-00012,child,1
BKP-00162,BKG-00101,PSG-00148,adult,2
BKP-00163,BKG-00101,PSG-00082,adult,3
BKP-00164,BKG-00102,PSG-00132,adult,1
BKP-00165,BKG-00102,PSG-00069,adult,2
BKP-00166,BKG-00102,PSG-00007,adult,3
BKP-00167,BKG-00103,PSG-00143,adult,1
BKP-00168,BKG-00104,PSG-00148,child,1
BKP-00169,BKG-00105,PSG-00071,adult,1
BKP-00170,BKG-00105,PSG-00091,adult,2
BKP-00171,BKG-00106,PSG-00141,adult,1
BKP-00172,BKG-00106,PSG-00023,adult,2
BKP-00173,BKG-00106,PSG-00099,adult,3
BKP-00174,BKG-00107,PSG-00027,adult,1
BKP-00175,BKG-00107,PSG-00103,adult,2
BKP-00176,BKG-00108,PSG-00041,adult,1
BKP-00177,BKG-00109,PSG-00087,adult,1
BKP-00178,BKG-00110,PSG-00028,adult,1
BKP-00179,BKG-00110,PSG-00131,adult,2
BKP-00180,BKG-00111,PSG-00129,adult,1
BKP-00181,BKG-00112,PSG-00078,adult,1
BKP-00182,BKG-00113,PSG-00013,adult,1
BKP-00183,BKG-00114,PSG-00039,adult,1
BKP-00184,BKG-00115,PSG-00078,adult,1
BKP-00185,BKG-00116,PSG-00015,adult,1
BKP-00186,BKG-00117,PSG-00122,adult,1
BKP-00187,BKG-00117,PSG-00037,adult,2
BKP-00188,BKG-00118,PSG-00020,adult,1
BKP-00189,BKG-00119,PSG-00060,adult,1
BKP-00190,BKG-00119,PSG-00049,adult,2
BKP-00191,BKG-00119,PSG-00036,adult,3
BKP-00192,BKG-00120,PSG-00100,adult,1
BKP-00193,BKG-00121,PSG-00074,adult,1
BKP-00194,BKG-00121,PSG-00007,adult,2
BKP-00195,BKG-00121,PSG-00118,adult,3
BKP-00196,BKG-00122,PSG-00112,adult,1
BKP-00197,BKG-00122,PSG-00061,child,2
BKP-00198,BKG-00123,PSG-00011,adult,1
BKP-00199,BKG-00124,PSG-00118,adult,1
BKP-00200,BKG-00125,PSG-00092,adult,1
BKP-00201,BKG-00125,PSG-00027,adult,2
BKP-00202,BKG-00125,PSG-00030,adult,3
BKP-00203,BKG-00126,PSG-00003,adult,1
BKP-00204,BKG-00127,PSG-00041,adult,1
BKP-00205,BKG-00127,PSG-00020,adult,2
BKP-00206,BKG-00128,PSG-00016,adult,1
BKP-00207,BKG-00129,PSG-00140,adult,1
BKP-00208,BKG-00129,PSG-00125,adult,2
BKP-00209,BKG-00130,PSG-00008,adult,1
BKP-00210,BKG-00131,PSG-00079,adult,1
BKP-00211,BKG-00131,PSG-00003,adult,2
BKP-00212,BKG-00131,PSG-00076,adult,3
BKP-00213,BKG-00132,PSG-00145,adult,1
BKP-00214,BKG-00132,PSG-00026,adult,2
BKP-00215,BKG-00133,PSG-00035,adult,1
BKP-00216,BKG-00134,PSG-00084,adult,1
BKP-00217,BKG-00135,PSG-00085,adult,1
BKP-00218,BKG-00135,PSG-00083,adult,2
BKP-00219,BKG-00136,PSG-00100,adult,1
BKP-00220,BKG-00137,PSG-00099,adult,1
BKP-00221,BKG-00138,PSG-00045,adult,1
BKP-00222,BKG-00138,PSG-00062,child,2
BKP-00223,BKG-00138,PSG-00047,adult,3
BKP-00224,BKG-00139,PSG-00004,adult,1
BKP-00225,BKG-00140,PSG-00094,adult,1
BKP-00226,BKG-00140,PSG-00012,adult,2
BKP-00227,BKG-00141,PSG-00075,adult,1
BKP-00228,BKG-00142,PSG-00117,adult,1
BKP-00229,BKG-00142,PSG-00037,adult,2
BKP-00230,BKG-00143,PSG-00125,adult,1
BKP-00231,BKG-00143,PSG-00081,adult,2
BKP-00232,BKG-00143,PSG-00142,adult,3
BKP-00233,BKG-00144,PSG-00022,adult,1
BKP-00234,BKG-00145,PSG-00138,adult,1
BKP-00235,BKG-00145,PSG-00094,adult,2
BKP-00236,BKG-00146,PSG-00004,adult,1
BKP-00237,BKG-00147,PSG-00149,adult,1
BKP-00238,BKG-00148,PSG-00063,adult,1
BKP-00239,BKG-00149,PSG-00145,adult,1
BKP-00240,BKG-00149,PSG-00106,adult,2
BKP-00241,BKG-00150,PSG-00042,adult,1
BKP-00242,BKG-00151,PSG-00042,adult,1
BKP-00243,BKG-00152,PSG-00024,adult,1
BKP-00244,BKG-00152,PSG-00109,adult,2
BKP-00245,BKG-00153,PSG-00023,adult,1
BKP-00246,BKG-00154,PSG-00049,adult,1
BKP-00247,BKG-00155,PSG-00113,adult,1
BKP-00248,BKG-00155,PSG-00084,adult,2
BKP-00249,BKG-00155,PSG-00089,adult,3
BKP-00250,BKG-00156,PSG-00059,adult,1
BKP-00251,BKG-00156,PSG-00144,adult,2
BKP-00252,BKG-00157,PSG-00013,adult,1
BKP-00253,BKG-00158,PSG-00033,adult,1
BKP-00254,BKG-00158,PSG-00011,adult,2
BKP-00255,BKG-00159,PSG-00018,adult,1
BKP-00256,BKG-00160,PSG-00015,adult,1
BKP-00257,BKG-00161,PSG-00081,adult,1
BKP-00258,BKG-00162,PSG-00096,child,1
BKP-00259,BKG-00163,PSG-00031,adult,1
BKP-00260,BKG-00164,PSG-00105,adult,1
BKP-00261,BKG-00164,PSG-00034,adult,2
BKP-00262,BKG-00165,PSG-00011,adult,1
BKP-00263,BKG-00166,PSG-00148,adult,1
BKP-00264,BKG-00166,PSG-00098,adult,2
BKP-00265,BKG-00167,PSG-00142,child,1
BKP-00266,BKG-00167,PSG-00025,adult,2
BKP-00267,BKG-00167,PSG-00065,adult,3
BKP-00268,BKG-00168,PSG-00011,infant,1
BKP-00269,BKG-00169,PSG-00001,adult,1
BKP-00270,BKG-00169,PSG-00012,infant,2
BKP-00271,BKG-00170,PSG-00138,adult,1
BKP-00272,BKG-00171,PSG-00132,adult,1
BKP-00273,BKG-00171,PSG-00084,adult,2
BKP-00274,BKG-00172,PSG-00010,adult,1
BKP-00275,BKG-00172,PSG-00033,adult,2
BKP-00276,BKG-00173,PSG-00037,adult,1
BKP-00277,BKG-00173,PSG-00145,adult,2
BKP-00278,BKG-00174,PSG-00027,adult,1
BKP-00279,BKG-00174,PSG-00041,adult,2
BKP-00280,BKG-00175,PSG-00053,adult,1
BKP-00281,BKG-00175,PSG-00086,child,2
BKP-00282,BKG-00176,PSG-00130,adult,1
BKP-00283,BKG-00177,PSG-00148,child,1
BKP-00284,BKG-00177,PSG-00055,adult,2
BKP-00285,BKG-00177,PSG-00023,adult,3
BKP-00286,BKG-00178,PSG-00103,adult,1
BKP-00287,BKG-00179,PSG-00121,adult,1
BKP-00288,BKG-00179,PSG-00007,adult,2
BKP-00289,BKG-00180,PSG-00001,adult,1
BKP-00290,BKG-00180,PSG-00053,adult,2
