ticket_id,ticket_number,booking_id,passenger_id,fare_class_code,issue_date_utc,ticket_status
TKT-00001,0700000000001,BKG-00001,PSG-00086,BIZFL,2025-12-10T09:00:00Z,issued
TKT-00002,0700000000002,BKG-00002,PSG-00128,ECOFL,2025-12-15T09:00:00Z,issued
TKT-00003,0700000000003,BKG-00003,PSG-00036,PREMY,2025-12-22T09:00:00Z,cancelled
TKT-00004,0700000000004,BKG-00004,PSG-00003,ECOSV,2026-01-08T09:00:00Z,issued
TKT-00005,0700000000005,BKG-00004,PSG-00101,ECOSV,2026-01-08T09:00:00Z,issued
TKT-00006,0700000000006,BKG-00005,PSG-00089,PREMY,2025-12-27T09:00:00Z,issued
TKT-00007,0700000000007,BKG-00005,PSG-00135,PREMY,2025-12-27T09:00:00Z,issued
TKT-00008,0700000000008,BKG-00006,PSG-00130,ECOFL,2025-11-19T09:00:00Z,issued
TKT-00009,0700000000009,BKG-00006,PSG-00001,ECOFL,2025-11-19T09:00:00Z,issued
TKT-00010,0700000000010,BKG-00007,PSG-00125,ECOFL,2025-11-16T09:00:00Z,issued
TKT-00011,0700000000011,BKG-00008,PSG-00128,FIRST,2025-12-10T09:00:00Z,issued
TKT-00012,0700000000012,BKG-00009,PSG-00042,ECOSV,2025-11-19T09:00:00Z,issued
TKT-00013,0700000000013,BKG-00009,PSG-00082,ECOSV,2025-11-19T09:00:00Z,issued
TKT-00014,0700000000014,BKG-00010,PSG-00010,ECOSV,2025-11-30T09:00:00Z,issued
TKT-00015,0700000000015,BKG-00010,PSG-00072,ECOSV,2025-11-30T09:00:00Z,issued
TKT-00016,0700000000016,BKG-00010,PSG-00060,ECOSV,2025-11-30T09:00:00Z,issued
TKT-00017,0700000000017,BKG-00011,PSG-00122,ECOFL,2025-12-23T09:00:00Z,cancelled
TKT-00018,0700000000018,BKG-00012,PSG-00072,ECOSV,2025-12-15T09:00:00Z,issued
TKT-00019,0700000000019,BKG-00012,PSG-00073,ECOSV,2025-12-15T09:00:00Z,issued
TKT-00020,0700000000020,BKG-00013,PSG-00107,BIZFL,2025-12-30T09:00:00Z,issued
TKT-00021,0700000000021,BKG-00014,PSG-00044,BIZFL,2025-11-17T09:00:00Z,issued
TKT-00022,0700000000022,BKG-00015,PSG-00108,ECOSV,2026-01-03T09:00:00Z,issued
TKT-00023,0700000000023,BKG-00016,PSG-00029,BIZFL,2026-01-06T09:00:00Z,issued
TKT-00024,0700000000024,BKG-00016,PSG-00148,BIZFL,2026-01-06T09:00:00Z,issued
TKT-00025,0700000000025,BKG-00017,PSG-00048,FIRST,2025-12-01T09:00:00Z,issued
TKT-00026,0700000000026,BKG-00017,PSG-00047,FIRST,2025-12-01T09:00:00Z,issued
TKT-00027,0700000000027,BKG-00018,PSG-00062,BIZSV,2025-12-18T09:00:00Z,issued
TKT-00028,0700000000028,BKG-00019,PSG-00145,BIZSV,2025-11-18T09:00:00Z,issued
TKT-00029,0700000000029,BKG-00020,PSG-00132,ECOFL,2025-11-28T09:00:00Z,issued
TKT-00030,0700000000030,BKG-00021,PSG-00080,ECOSV,2025-11-26T09:00:00Z,issued
TKT-00031,0700000000031,BKG-00021,PSG-00023,ECOSV,2025-11-26T09:00:00Z,issued
TKT-00032,0700000000032,BKG-00021,PSG-00119,ECOSV,2025-11-26T09:00:00Z,issued
TKT-00033,0700000000033,BKG-00022,PSG-00111,BIZFL,2025-11-10T09:00:00Z,issued
TKT-00034,0700000000034,BKG-00023,PSG-00084,PREMY,2026-01-11T09:00:00Z,issued
TKT-00035,0700000000035,BKG-00023,PSG-00130,PREMY,2026-01-11T09:00:00Z,issued
TKT-00036,0700000000036,BKG-00024,PSG-00135,FIRST,2025-12-31T09:00:00Z,issued
TKT-00037,0700000000037,BKG-00025,PSG-00145,ECOFL,2025-12-01T09:00:00Z,issued
TKT-00038,0700000000038,BKG-00025,PSG-00143,ECOFL,2025-12-01T09:00:00Z,issued
TKT-00039,0700000000039,BKG-00025,PSG-00078,ECOFL,2025-12-01T09:00:00Z,issued
TKT-00040,0700000000040,BKG-00026,PSG-00063,PREMY,2026-01-14T09:00:00Z,issued
TKT-00041,0700000000041,BKG-00026,PSG-00105,PREMY,2026-01-14T09:00:00Z,issued
TKT-00042,0700000000042,BKG-00027,PSG-00122,FIRST,2025-12-13T09:00:00Z,issued
TKT-00043,0700000000043,BKG-00028,PSG-00093,PREMY,2025-12-05T09:00:00Z,issued
TKT-00044,0700000000044,BKG-00028,PSG-00147,PREMY,2025-12-05T09:00:00Z,issued
TKT-00045,0700000000045,BKG-00028,PSG-00041,PREMY,2025-12-05T09:00:00Z,issued
TKT-00046,0700000000046,BKG-00029,PSG-00051,BIZFL,2025-12-26T09:00:00Z,issued
TKT-00047,0700000000047,BKG-00030,PSG-00130,BIZFL,2025-12-29T09:00:00Z,issued
TKT-00048,0700000000048,BKG-00031,PSG-00141,BIZFL,2025-12-02T09:00:00Z,issued
TKT-00049,0700000000049,BKG-00031,PSG-00047,BIZFL,2025-12-02T09:00:00Z,issued
TKT-00050,0700000000050,BKG-00032,PSG-00041,BIZSV,2025-12-09T09:00:00Z,issued
TKT-00051,0700000000051,BKG-00033,PSG-00054,BIZFL,2025-12-21T09:00:00Z,issued
TKT-00052,0700000000052,BKG-00034,PSG-00081,BIZFL,2025-12-13T09:00:00Z,issued
TKT-00053,0700000000053,BKG-00034,PSG-00135,BIZFL,2025-12-13T09:00:00Z,issued
TKT-00054,0700000000054,BKG-00034,PSG-00017,BIZFL,2025-12-13T09:00:00Z,issued
TKT-00055,0700000000055,BKG-00035,PSG-00087,FIRST,2026-01-03T09:00:00Z,issued
TKT-00056,0700000000056,BKG-00036,PSG-00067,BIZFL,2025-11-29T09:00:00Z,issued
TKT-00057,0700000000057,BKG-00037,PSG-00130,ECOFL,2026-01-01T09:00:00Z,issued
TKT-00058,0700000000058,BKG-00038,PSG-00107,PREMY,2025-11-20T09:00:00Z,issued
TKT-00059,0700000000059,BKG-00038,PSG-00011,PREMY,2025-11-20T09:00:00Z,issued
TKT-00060,0700000000060,BKG-00038,PSG-00111,PREMY,2025-11-20T09:00:00Z,issued
TKT-00061,0700000000061,BKG-00039,PSG-00020,BIZSV,2025-11-11T09:00:00Z,issued
TKT-00062,0700000000062,BKG-00040,PSG-00146,ECOFL,2025-11-21T09:00:00Z,issued
TKT-00063,0700000000063,BKG-00041,PSG-00072,FIRST,2026-01-17T09:00:00Z,issued
TKT-00064,0700000000064,BKG-00042,PSG-00042,BIZFL,2025-11-08T09:00:00Z,issued
TKT-00065,0700000000065,BKG-00043,PSG-00092,PREMY,2025-12-07T09:00:00Z,cancelled
TKT-00066,0700000000066,BKG-00043,PSG-00132,PREMY,2025-12-07T09:00:00Z,cancelled
TKT-00067,0700000000067,BKG-00044,PSG-00026,ECOSV,2025-11-28T09:00:00Z,issued
TKT-00068,0700000000068,BKG-00044,PSG-00126,ECOSV,2025-11-28T09:00:00Z,issued
TKT-00069,0700000000069,BKG-00044,PSG-00139,ECOSV,2025-11-28T09:00:00Z,issued
TKT-00070,0700000000070,BKG-00045,PSG-00008,PREMY,2025-12-30T09:00:00Z,issued
TKT-00071,0700000000071,BKG-00045,PSG-00123,PREMY,2025-12-30T09:00:00Z,issued
TKT-00072,0700000000072,BKG-00046,PSG-00137,ECOSV,2025-12-11T09:00:00Z,issued
TKT-00073,0700000000073,BKG-00047,PSG-00071,FIRST,2025-11-19T09:00:00Z,issued
TKT-00074,0700000000074,BKG-00048,PSG-00039,BIZFL,2025-12-26T09:00:00Z,issued
TKT-00075,0700000000075,BKG-00049,PSG-00075,BIZFL,2025-11-25T09:00:00Z,issued
TKT-00076,0700000000076,BKG-00049,PSG-00031,BIZFL,2025-11-25T09:00:00Z,issued
TKT-00077,0700000000077,BKG-00050,PSG-00144,ECOFL,2025-12-16T09:00:00Z,issued
TKT-00078,0700000000078,BKG-00050,PSG-00111,ECOFL,2025-12-16T09:00:00Z,issued
TKT-00079,0700000000079,BKG-00051,PSG-00054,BIZFL,2025-12-09T09:00:00Z,issued
TKT-00080,0700000000080,BKG-00052,PSG-00042,ECOSV,2025-12-08T09:00:00Z,issued
TKT-00081,0700000000081,BKG-00053,PSG-00035,BIZFL,2025-11-08T09:00:00Z,issued
TKT-00082,0700000000082,BKG-00053,PSG-00019,BIZFL,2025-11-08T09:00:00Z,issued
TKT-00083,0700000000083,BKG-00054,PSG-00077,ECOFL,2025-12-02T09:00:00Z,issued
TKT-00084,0700000000084,BKG-00055,PSG-00085,BIZFL,2025-11-10T09:00:00Z,issued
TKT-00085,0700000000085,BKG-00055,PSG-00022,BIZFL,2025-11-10T09:00:00Z,issued
TKT-00086,0700000000086,BKG-00055,PSG-00092,BIZFL,2025-11-10T09:00:00Z,issued
TKT-00087,0700000000087,BKG-00056,PSG-00049,PREMY,2025-12-11T09:00:00Z,issued
TKT-00088,0700000000088,BKG-00056,PSG-00135,PREMY,2025-12-11T09:00:00Z,issued
TKT-00089,0700000000089,BKG-00056,PSG-00004,PREMY,2025-12-11T09:00:00Z,issued
TKT-00090,0700000000090,BKG-00057,PSG-00012,PREMY,2026-01-18T09:00:00Z,issued
TKT-00091,0700000000091,BKG-00057,PSG-00067,PREMY,2026-01-18T09:00:00Z,issued
TKT-00092,0700000000092,BKG-00058,PSG-00141,BIZFL,2026-01-04T09:00:00Z,issued
TKT-00093,0700000000093,BKG-00058,PSG-00106,BIZFL,2026-01-04T09:00:00Z,issued
TKT-00094,0700000000094,BKG-00059,PSG-00015,PREMY,2025-12-10T09:00:00Z,issued
TKT-00095,0700000000095,BKG-00059,PSG-00016,PREMY,2025-12-10T09:00:00Z,issued
TKT-00096,0700000000096,BKG-00060,PSG-00001,ECOFL,2025-11-01T09:00:00Z,issued
TKT-00097,0700000000097,BKG-00060,PSG-00082,ECOFL,2025-11-01T09:00:00Z,issued
TKT-00098,0700000000098,BKG-00060,PSG-00080,ECOFL,2025-11-01T09:00:00Z,issued
TKT-00099,0700000000099,BKG-00061,PSG-00125,FIRST,2025-12-12T09:00:00Z,issued
TKT-00100,0700000000100,BKG-00062,PSG-00120,ECOFL,2025-12-06T09:00:00Z,issued
TKT-00101,0700000000101,BKG-00062,PSG-00049,ECOFL,2025-12-06T09:00:00Z,issued
TKT-00102,0700000000102,BKG-00063,PSG-00049,BIZFL,2025-11-23T09:00:00Z,issued
TKT-00103,0700000000103,BKG-00064,PSG-00047,ECOSV,2025-12-30T09:00:00Z,issued
TKT-00104,0700000000104,BKG-00065,PSG-00073,ECOFL,2025-12-08T09:00:00Z,issued
TKT-00105,0700000000105,BKG-00065,PSG-00004,ECOFL,2025-12-08T09:00:00Z,issued
TKT-00106,0700000000106,BKG-00065,PSG-00110,ECOFL,2025-12-08T09:00:00Z,issued
TKT-00107,0700000000107,BKG-00066,PSG-00069,PREMY,2025-11-24T09:00:00Z,issued
TKT-00108,0700000000108,BKG-00066,PSG-00077,PREMY,2025-11-24T09:00:00Z,issued
TKT-00109,0700000000109,BKG-00066,PSG-00026,PREMY,2025-11-24T09:00:00Z,issued
TKT-00110,0700000000110,BKG-00067,PSG-00104,FIRST,2025-11-23T09:00:00Z,issued
TKT-00111,0700000000111,BKG-00068,PSG-00046,ECOFL,2025-12-02T09:00:00Z,issued
TKT-00112,0700000000112,BKG-00068,PSG-00009,ECOFL,2025-12-02T09:00:00Z,issued
TKT-00113,0700000000113,BKG-00068,PSG-00008,ECOFL,2025-12-02T09:00:00Z,issued
TKT-00114,0700000000114,BKG-00069,PSG-00109,PREMY,2026-01-14T09:00:00Z,issued
TKT-00115,0700000000115,BKG-00069,PSG-00019,PREMY,2026-01-14T09:00:00Z,issued
TKT-00116,0700000000116,BKG-00070,PSG-00052,ECOFL,2025-12-19T09:00:00Z,issued
TKT-00117,0700000000117,BKG-00070,PSG-00013,ECOFL,2025-12-19T09:00:00Z,issued
TKT-00118,0700000000118,BKG-00071,PSG-00057,PREMY,2025-12-29T09:00:00Z,issued
TKT-00119,0700000000119,BKG-00072,PSG-00131,PREMY,2025-12-25T09:00:00Z,issued
TKT-00120,0700000000120,BKG-00073,PSG-00044,ECOSV,2026-01-04T09:00:00Z,issued
TKT-00121,0700000000121,BKG-00073,PSG-00145,ECOSV,2026-01-04T09:00:00Z,issued
TKT-00122,0700000000122,BKG-00074,PSG-00061,BIZFL,2025-10-28T09:00:00Z,cancelled
TKT-00123,0700000000123,BKG-00074,PSG-00037,BIZFL,2025-10-28T09:00:00Z,cancelled
TKT-00124,0700000000124,BKG-00075,PSG-00025,ECOFL,2025-11-17T09:00:00Z,issued
TKT-00125,0700000000125,BKG-00076,PSG-00021,PREMY,2025-12-03T09:00:00Z,issued
TKT-00126,0700000000126,BKG-00077,PSG-00041,PREMY,2025-11-23T09:00:00Z,issued
TKT-00127,0700000000127,BKG-00078,PSG-00095,ECOFL,2025-11-16T09:00:00Z,issued
TKT-00128,0700000000128,BKG-00078,PSG-00146,ECOFL,2025-11-16T09:00:00Z,issued
TKT-00129,0700000000129,BKG-00079,PSG-00129,ECOSV,2026-01-06T09:00:00Z,issued
TKT-00130,0700000000130,BKG-00080,PSG-00113,PREMY,2026-01-04T09:00:00Z,issued
TKT-00131,0700000000131,BKG-00080,PSG-00017,PREMY,2026-01-04T09:00:00Z,issued
TKT-00132,0700000000132,BKG-00080,PSG-00004,PREMY,2026-01-04T09:00:00Z,issued
TKT-00133,0700000000133,BKG-00081,PSG-00030,ECOSV,2025-11-12T09:00:00Z,issued
TKT-00134,0700000000134,BKG-00082,PSG-00001,PREMY,2025-12-08T09:00:00Z,issued
TKT-00135,0700000000135,BKG-00083,PSG-00103,ECOSV,2025-12-16T09:00:00Z,issued
TKT-00136,0700000000136,BKG-00084,PSG-00038,BIZSV,2025-12-24T09:00:00Z,issued
TKT-00137,0700000000137,BKG-00084,PSG-00081,BIZSV,2025-12-24T09:00:00Z,issued
TKT-00138,0700000000138,BKG-00085,PSG-00150,ECOFL,2025-11-21T09:00:00Z,issued
TKT-00139,0700000000139,BKG-00086,PSG-00001,FIRST,2025-12-28T09:00:00Z,issued
TKT-00140,0700000000140,BKG-00087,PSG-00042,PREMY,2025-11-20T09:00:00Z,issued
TKT-00141,0700000000141,BKG-00088,PSG-00143,PREMY,2025-12-11T09:00:00Z,issued
TKT-00142,0700000000142,BKG-00088,PSG-00035,PREMY,2025-12-11T09:00:00Z,issued
TKT-00143,0700000000143,BKG-00089,PSG-00067,BIZFL,2025-12-02T09:00:00Z,issued
TKT-00144,0700000000144,BKG-00090,PSG-00016,ECOSV,2025-12-09T09:00:00Z,issued
TKT-00145,0700000000145,BKG-00091,PSG-00130,BIZFL,2025-12-02T09:00:00Z,issued
TKT-00146,0700000000146,BKG-00092,PSG-00091,BIZFL,2025-11-05T09:00:00Z,issued
TKT-00147,0700000000147,BKG-00093,PSG-00115,ECOSV,2025-12-18T09:00:00Z,issued
TKT-00148,0700000000148,BKG-00094,PSG-00142,BIZFL,2026-01-05T09:00:00Z,issued
TKT-00149,0700000000149,BKG-00094,PSG-00095,BIZFL,2026-01-05T09:00:00Z,issued
TKT-00150,0700000000150,BKG-00094,PSG-00081,BIZFL,2026-01-05T09:00:00Z,issued
TKT-00151,0700000000151,BKG-00095,PSG-00007,FIRST,2025-12-03T09:00:00Z,cancelled
TKT-00152,0700000000152,BKG-00096,PSG-00047,FIRST,2025-11-18T09:00:00Z,issued
TKT-00153,0700000000153,BKG-00097,PSG-00149,ECOFL,2025-12-27T09:00:00Z,issued
TKT-00154,0700000000154,BKG-00098,PSG-00106,ECOSV,2025-11-22T09:00:00Z,issued
TKT-00155,0700000000155,BKG-00098,PSG-00062,ECOSV,2025-11-22T09:00:00Z,issued
TKT-00156,0700000000156,BKG-00098,PSG-00098,ECOSV,2025-11-22T09:00:00Z,issued
TKT-00157,0700000000157,BKG-00099,PSG-00028,PREMY,2025-12-06T09:00:00Z,issued
TKT-00158,0700000000158,BKG-00099,PSG-00034,PREMY,2025-12-06T09:00:00Z,issued
TKT-00159,0700000000159,BKG-00100,PSG-00073,ECOSV,2025-11-14T09:00:00Z,issued
TKT-00160,0700000000160,BKG-00100,PSG-00141,ECOSV,2025-11-14T09:00:00Z,issued
TKT-00161,0700000000161,BKG-00101,PSG-00012,BIZSV,2025-12-07T09:00:00Z,issued
TKT-00162,0700000000162,BKG-00101,PSG-00148,BIZSV,2025-12-07T09:00:00Z,issued
TKT-00163,0700000000163,BKG-00101,PSG-00082,BIZSV,2025-12-07T09:00:00Z,issued
TKT-00164,0700000000164,BKG-00102,PSG-00132,BIZSV,2025-12-01T09:00:00Z,issued
TKT-00165,0700000000165,BKG-00102,PSG-00069,BIZSV,2025-12-01T09:00:00Z,issued
TKT-00166,0700000000166,BKG-00102,PSG-00007,BIZSV,2025-12-01T09:00:00Z,issued
TKT-00167,0700000000167,BKG-00103,PSG-00143,BIZFL,2025-11-11T09:00:00Z,issued
TKT-00168,0700000000168,BKG-00104,PSG-00148,BIZSV,2025-12-09T09:00:00Z,issued
TKT-00169,0700000000169,BKG-00105,PSG-00071,PREMY,2025-12-09T09:00:00Z,issued
TKT-00170,0700000000170,BKG-00105,PSG-00091,PREMY,2025-12-09T09:00:00Z,issued
TKT-00171,0700000000171,BKG-00106,PSG-00141,FIRST,2025-11-19T09:00:00Z,issued
TKT-00172,0700000000172,BKG-00106,PSG-00023,FIRST,2025-11-19T09:00:00Z,issued
TKT-00173,0700000000173,BKG-00106,PSG-00099,FIRST,2025-11-19T09:00:00Z,issued
TKT-00174,0700000000174,BKG-00107,PSG-00027,PREMY,2025-12-16T09:00:00Z,issued
TKT-00175,0700000000175,BKG-00107,PSG-00103,PREMY,2025-12-16T09:00:00Z,issued
TKT-00176,0700000000176,BKG-00108,PSG-00041,PREMY,2026-01-11T09:00:00Z,issued
TKT-00177,0700000000177,BKG-00109,PSG-00087,BIZFL,2025-12-04T09:00:00Z,issued
TKT-00178,0700000000178,BKG-00110,PSG-00028,ECOSV,2025-11-06T09:00:00Z,issued
TKT-00179,0700000000179,BKG-00110,PSG-00131,ECOSV,2025-11-06T09:00:00Z,issued
TKT-00180,0700000000180,BKG-00111,PSG-00129,ECOSV,2025-12-27T09:00:00Z,issued
TKT-00181,0700000000181,BKG-00112,PSG-00078,BIZFL,2025-12-20T09:00:00Z,issued
TKT-00182,0700000000182,BKG-00113,PSG-00013,PREMY,2025-11-17T09:00:00Z,cancelled
TKT-00183,0700000000183,BKG-00114,PSG-00039,FIRST,2025-12-02T09:00:00Z,issued
TKT-00184,0700000000184,BKG-00115,PSG-00078,BIZSV,2026-01-19T09:00:00Z,issued
TKT-00185,0700000000185,BKG-00116,PSG-00015,ECOFL,2025-12-12T09:00:00Z,issued
TKT-00186,0700000000186,BKG-00117,PSG-00122,FIRST,2025-11-23T09:00:00Z,issued
TKT-00187,0700000000187,BKG-00117,PSG-00037,FIRST,2025-11-23T09:00:00Z,issued
TKT-00188,0700000000188,BKG-00118,PSG-00020,ECOFL,2025-12-09T09:00:00Z,issued
TKT-00189,0700000000189,BKG-00119,PSG-00060,BIZSV,2025-12-15T09:00:00Z,issued
TKT-00190,0700000000190,BKG-00119,PSG-00049,BIZSV,2025-12-15T09:00:00Z,issued
TKT-00191,0700000000191,BKG-00119,PSG-00036,BIZSV,2025-12-15T09:00:00Z,issued
TKT-00192,0700000000192,BKG-00120,PSG-00100,PREMY,2025-11-19T09:00:00Z,issued
TKT-00193,0700000000193,BKG-00121,PSG-00074,BIZSV,2025-12-10T09:00:00Z,issued
TKT-00194,0700000000194,BKG-00121,PSG-00007,BIZSV,2025-12-10T09:00:00Z,issued
TKT-00195,0700000000195,BKG-00121,PSG-00118,BIZSV,2025-12-10T09:00:00Z,issued
TKT-00196,0700000000196,BKG-00122,PSG-00112,FIRST,2025-12-20T09:00:00Z,issued
TKT-00197,0700000000197,BKG-00122,PSG-00061,FIRST,2025-12-20T09:00:00Z,issued
TKT-00198,0700000000198,BKG-00123,PSG-00011,ECOSV,2025-11-17T09:00:00Z,issued
TKT-00199,0700000000199,BKG-00124,PSG-00118,ECOFL,2025-11-04T09:00:00Z,issued
TKT-00200,0700000000200,BKG-00125,PSG-00092,PREMY,2025-12-27T09:00:00Z,issued
TKT-00201,0700000000201,BKG-00125,PSG-00027,PREMY,2025-12-27T09:00:00Z,issued
TKT-00202,0700000000202,BKG-00125,PSG-00030,PREMY,2025-12-27T09:00:00Z,issued
TKT-00203,0700000000203,BKG-00126,PSG-00003,BIZFL,2025-12-22T09:00:00Z,issued
TKT-00204,0700000000204,BKG-00127,PSG-00041,ECOFL,2025-11-25T09:00:00Z,issued
TKT-00205,0700000000205,BKG-00127,PSG-00020,ECOFL,2025-11-25T09:00:00Z,issued
TKT-00206,0700000000206,BKG-00128,PSG-00016,ECOSV,2025-12-20T09:00:00Z,issued
TKT-00207,0700000000207,BKG-00129,PSG-00140,ECOFL,2025-12-06T09:00:00Z,issued
TKT-00208,0700000000208,BKG-00129,PSG-00125,ECOFL,2025-12-06T09:00:00Z,issued
TKT-00209,0700000000209,BKG-00130,PSG-00008,BIZFL,2025-12-20T09:00:00Z,issued
TKT-00210,0700000000210,BKG-00131,PSG-00079,FIRST,2025-12-20T09:00:00Z,issued
TKT-00211,0700000000211,BKG-00131,PSG-00003,FIRST,2025-12-20T09:00:00Z,issued
TKT-00212,0700000000212,BKG-00131,PSG-00076,FIRST,2025-12-20T09:00:00Z,issued
TKT-00213,0700000000213,BKG-00132,PSG-00145,ECOSV,2025-12-24T09:00:00Z,issued
TKT-00214,0700000000214,BKG-00132,PSG-00026,ECOSV,2025-12-24T09:00:00Z,issued
TKT-00215,0700000000215,BKG-00133,PSG-00035,BIZFL,2025-11-12T09:00:00Z,issued
TKT-00216,0700000000216,BKG-00134,PSG-00084,PREMY,2025-12-20T09:00:00Z,issued
TKT-00217,0700000000217,BKG-00135,PSG-00085,BIZSV,2025-12-27T09:00:00Z,issued
TKT-00218,0700000000218,BKG-00135,PSG-00083,BIZSV,2025-12-27T09:00:00Z,issued
TKT-00219,0700000000219,BKG-00136,PSG-00100,BIZSV,2025-12-15T09:00:00Z,issued
TKT-00220,0700000000220,BKG-00137,PSG-00099,BIZFL,2025-11-19T09:00:00Z,issued
TKT-00221,0700000000221,BKG-00138,PSG-00045,PREMY,2025-11-03T09:00:00Z,issued
TKT-00222,0700000000222,BKG-00138,PSG-00062,PREMY,2025-11-03T09:00:00Z,issued
TKT-00223,0700000000223,BKG-00138,PSG-00047,PREMY,2025-11-03T09:00:00Z,issued
TKT-00224,0700000000224,BKG-00139,PSG-00004,BIZSV,2025-12-25T09:00:00Z,issued
TKT-00225,0700000000225,BKG-00140,PSG-00094,PREMY,2025-11-19T09:00:00Z,issued
TKT-00226,0700000000226,BKG-00140,PSG-00012,PREMY,2025-11-19T09:00:00Z,issued
TKT-00227,0700000000227,BKG-00141,PSG-00075,ECOSV,2025-12-04T09:00:00Z,issued
TKT-00228,0700000000228,BKG-00142,PSG-00117,FIRST,2025-12-04T09:00:00Z,issued
TKT-00229,0700000000229,BKG-00142,PSG-00037,FIRST,2025-12-04T09:00:00Z,issued
TKT-00230,0700000000230,BKG-00143,PSG-00125,BIZSV,2025-12-08T09:00:00Z,issued
TKT-00231,0700000000231,BKG-00143,PSG-00081,BIZSV,2025-12-08T09:00:00Z,issued
TKT-00232,0700000000232,BKG-00143,PSG-00142,BIZSV,2025-12-08T09:00:00Z,issued
TKT-00233,0700000000233,BKG-00144,PSG-00022,FIRST,2025-11-24T09:00:00Z,issued
TKT-00234,0700000000234,BKG-00145,PSG-00138,ECOFL,2025-12-10T09:00:00Z,issued
TKT-00235,0700000000235,BKG-00145,PSG-00094,ECOFL,2025-12-10T09:00:00Z,issued
TKT-00236,0700000000236,BKG-00146,PSG-00004,BIZFL,2025-11-12T09:00:00Z,issued
TKT-00237,0700000000237,BKG-00147,PSG-00149,FIRST,2025-12-27T09:00:00Z,issued
TKT-00238,0700000000238,BKG-00148,PSG-00063,ECOFL,2025-11-12T09:00:00Z,issued
TKT-00239,0700000000239,BKG-00149,PSG-00145,BIZSV,2025-12-14T09:00:00Z,issued
TKT-00240,0700000000240,BKG-00149,PSG-00106,BIZSV,2025-12-14T09:00:00Z,issued
TKT-00241,0700000000241,BKG-00150,PSG-00042,FIRST,2025-11-05T09:00:00Z,issued
TKT-00242,0700000000242,BKG-00151,PSG-00042,PREMY,2025-12-24T09:00:00Z,issued
TKT-00243,0700000000243,BKG-00152,PSG-00024,ECOSV,2025-12-18T09:00:00Z,issued
TKT-00244,0700000000244,BKG-00152,PSG-00109,ECOSV,2025-12-18T09:00:00Z,issued
TKT-00245,0700000000245,BKG-00153,PSG-00023,BIZSV,2025-12-05T09:00:00Z,issued
TKT-00246,0700000000246,BKG-00154,PSG-00049,FIRST,2025-12-12T09:00:00Z,issued
TKT-00247,0700000000247,BKG-00155,PSG-00113,ECOFL,2025-12-28T09:00:00Z,issued
TKT-00248,0700000000248,BKG-00155,PSG-00084,ECOFL,2025-12-28T09:00:00Z,issued
TKT-00249,0700000000249,BKG-00155,PSG-00089,ECOFL,2025-12-28T09:00:00Z,issued
TKT-00250,0700000000250,BKG-00156,PSG-00059,BIZSV,2025-12-14T09:00:00Z,issued
TKT-00251,0700000000251,BKG-00156,PSG-00144,BIZSV,2025-12-14T09:00:00Z,issued
TKT-00252,0700000000252,BKG-00157,PSG-00013,PREMY,2025-12-25T09:00:00Z,issued
TKT-00253,0700000000253,BKG-00158,PSG-00033,FIRST,2025-11-24T09:00:00Z,issued
TKT-00254,0700000000254,BKG-00158,PSG-00011,FIRST,2025-11-24T09:00:00Z,issued
TKT-00255,0700000000255,BKG-00159,PSG-00018,ECOFL,2025-12-27T09:00:00Z,issued
TKT-00256,0700000000256,BKG-00160,PSG-00015,FIRST,2025-12-19T09:00:00Z,issued
TKT-00257,0700000000257,BKG-00161,PSG-00081,BIZSV,2025-12-21T09:00:00Z,issued
TKT-00258,0700000000258,BKG-00162,PSG-00096,ECOFL,2025-12-08T09:00:00Z,issued
TKT-00259,0700000000259,BKG-00163,PSG-00031,PREMY,2025-12-06T09:00:00Z,issued
TKT-00260,0700000000260,BKG-00164,PSG-00105,ECOFL,2025-12-01T09:00:00Z,issued
TKT-00261,0700000000261,BKG-00164,PSG-00034,ECOFL,2025-12-01T09:00:00Z,issued
TKT-00262,0700000000262,BKG-00165,PSG-00011,FIRST,2025-12-23T09:00:00Z,issued
TKT-00263,0700000000263,BKG-00166,PSG-00148,FIRST,2025-11-28T09:00:00Z,issued
TKT-00264,0700000000264,BKG-00166,PSG-00098,FIRST,2025-11-28T09:00:00Z,issued
TKT-00265,0700000000265,BKG-00167,PSG-00142,ECOFL,2025-12-26T09:00:00Z,issued
TKT-00266,0700000000266,BKG-00167,PSG-00025,ECOFL,2025-12-26T09:00:00Z,issued
TKT-00267,0700000000267,BKG-00167,PSG-00065,ECOFL,2025-12-26T09:00:00Z,issued
TKT-00268,0700000000268,BKG-00168,PSG-00011,BIZSV,2026-01-01T09:00:00Z,issued
TKT-00269,0700000000269,BKG-00169,PSG-00001,FIRST,2025-12-22T09:00:00Z,issued
TKT-00270,0700000000270,BKG-00169,PSG-00012,FIRST,2025-12-22T09:00:00Z,issued
TKT-00271,0700000000271,BKG-00170,PSG-00138,BIZSV,2025-11-18T09:00:00Z,issued
TKT-00272,0700000000272,BKG-00171,PSG-00132,BIZFL,2025-12-19T09:00:00Z,issued
TKT-00273,0700000000273,BKG-00171,PSG-00084,BIZFL,2025-12-19T09:00:00Z,issued
TKT-00274,0700000000274,BKG-00172,PSG-00010,PREMY,2025-12-25T09:00:00Z,issued
TKT-00275,0700000000275,BKG-00172,PSG-00033,PREMY,2025-12-25T09:00:00Z,issued
TKT-00276,0700000000276,BKG-00173,PSG-00037,ECOFL,2025-12-20T09:00:00Z,issued
TKT-00277,0700000000277,BKG-00173,PSG-00145,ECOFL,2025-12-20T09:00:00Z,issued
TKT-00278,0700000000278,BKG-00174,PSG-00027,ECOSV,2026-01-03T09:00:00Z,issued
TKT-00279,0700000000279,BKG-00174,PSG-00041,ECOSV,2026-01-03T09:00:00Z,issued
TKT-00280,0700000000280,BKG-00175,PSG-00053,FIRST,2025-11-05T09:00:00Z,issued
TKT-00281,0700000000281,BKG-00175,PSG-00086,FIRST,2025-11-05T09:00:00Z,issued
TKT-00282,0700000000282,BKG-00176,PSG-00130,ECOSV,2025-12-01T09:00:00Z,issued
TKT-00283,0700000000283,BKG-00177,PSG-00148,ECOFL,2025-12-14T09:00:00Z,issued
TKT-00284,0700000000284,BKG-00177,PSG-00055,ECOFL,2025-12-14T09:00:00Z,issued
TKT-00285,0700000000285,BKG-00177,PSG-00023,ECOFL,2025-12-14T09:00:00Z,issued
TKT-00286,0700000000286,BKG-00178,PSG-00103,BIZSV,2025-12-21T09:00:00Z,cancelled
TKT-00287,0700000000287,BKG-00179,PSG-00121,FIRST,2025-11-14T09:00:00Z,issued
TKT-00288,0700000000288,BKG-00179,PSG-00007,FIRST,2025-11-14T09:00:00Z,issued
TKT-00289,0700000000289,BKG-00180,PSG-00001,PREMY,2026-01-05T09:00:00Z,issued
TKT-00290,0700000000290,BKG-00180,PSG-00053,PREMY,2026-01-05T09:00:00Z,issued
