flight_instance_id,schedule_id,flight_number,flight_date,origin_ident,destination_ident,aircraft_registration,scheduled_departure_utc,scheduled_arrival_utc,status
FLT-00001,SCH-00001,NB101,2025-12-26,KJFK,KSFO,US-NB001,2025-12-26T11:00:00Z,2025-12-26T16:45:00Z,cancelled
FLT-00002,SCH-00001,NB101,2025-12-29,KJFK,KSFO,US-NB004,2025-12-29T11:00:00Z,2025-12-29T16:45:00Z,completed
FLT-00003,SCH-00001,NB101,2025-12-31,KJFK,KSFO,US-NB001,2025-12-31T11:00:00Z,2025-12-31T16:45:00Z,completed
FLT-00004,SCH-00001,NB101,2026-01-02,KJFK,KSFO,US-NB004,2026-01-02T11:00:00Z,2026-01-02T16:45:00Z,completed
FLT-00005,SCH-00001,NB101,2026-01-05,KJFK,KSFO,US-NB001,2026-01-05T11:00:00Z,2026-01-05T16:45:00Z,completed
FLT-00006,SCH-00001,NB101,2026-01-07,KJFK,KSFO,US-NB004,2026-01-07T11:00:00Z,2026-01-07T16:45:00Z,completed
FLT-00007,SCH-00001,NB101,2026-01-09,KJFK,KSFO,US-NB001,2026-01-09T11:00:00Z,2026-01-09T16:45:00Z,completed
FLT-00008,SCH-00001,NB101,2026-01-12,KJFK,KSFO,US-NB004,2026-01-12T11:00:00Z,2026-01-12T16:45:00Z,completed
FLT-00009,SCH-00001,NB101,2026-01-14,KJFK,KSFO,US-NB001,2026-01-14T11:00:00Z,2026-01-14T16:45:00Z,completed
FLT-00010,SCH-00001,NB101,2026-01-16,KJFK,KSFO,US-NB004,2026-01-16T11:00:00Z,2026-01-16T16:45:00Z,scheduled
FLT-00011,SCH-00001,NB101,2026-01-19,KJFK,KSFO,US-NB001,2026-01-19T11:00:00Z,2026-01-19T16:45:00Z,scheduled
FLT-00012,SCH-00001,NB101,2026-01-21,KJFK,KSFO,US-NB004,2026-01-21T11:00:00Z,2026-01-21T16:45:00Z,scheduled
FLT-00013,SCH-00002,NB102,2025-12-25,KSFO,KJFK,US-NB001,2025-12-25T17:30:00Z,2025-12-25T23:15:00Z,completed
FLT-00014,SCH-00002,NB102,2025-12-27,KSFO,KJFK,US-NB004,2025-12-27T17:30:00Z,2025-12-27T23:15:00Z,completed
FLT-00015,SCH-00002,NB102,2025-12-30,KSFO,KJFK,US-NB001,2025-12-30T17:30:00Z,2025-12-30T23:15:00Z,completed
FLT-00016,SCH-00002,NB102,2026-01-01,KSFO,KJFK,US-NB004,2026-01-01T17:30:00Z,2026-01-01T23:15:00Z,completed
FLT-00017,SCH-00002,NB102,2026-01-03,KSFO,KJFK,US-NB001,2026-01-03T17:30:00Z,2026-01-03T23:15:00Z,completed
FLT-00018,SCH-00002,NB102,2026-01-06,KSFO,KJFK,US-NB004,2026-01-06T17:30:00Z,2026-01-06T23:15:00Z,completed
FLT-00019,SCH-00002,NB102,2026-01-08,KSFO,KJFK,US-NB001,2026-01-08T17:30:00Z,2026-01-08T23:15:00Z,completed
FLT-00020,SCH-00002,NB102,2026-01-10,KSFO,KJFK,US-NB004,2026-01-10T17:30:00Z,2026-01-10T23:15:00Z,completed
FLT-00021,SCH-00002,NB102,2026-01-13,KSFO,KJFK,US-NB001,2026-01-13T17:30:00Z,2026-01-13T23:15:00Z,completed
FLT-00022,SCH-00002,NB102,2026-01-15,KSFO,KJFK,US-NB004,2026-01-15T17:30:00Z,2026-01-15T23:15:00Z,scheduled
FLT-00023,SCH-00002,NB102,2026-01-17,KSFO,KJFK,US-NB001,2026-01-17T17:30:00Z,2026-01-17T23:15:00Z,scheduled
FLT-00024,SCH-00002,NB102,2026-01-20,KSFO,KJFK,US-NB004,2026-01-20T17:30:00Z,2026-01-20T23:15:00Z,scheduled
FLT-00025,SCH-00002,NB102,2026-01-22,KSFO,KJFK,US-NB001,2026-01-22T17:30:00Z,2026-01-22T23:15:00Z,scheduled
FLT-00026,SCH-00003,NB103,2025-12-25,KJFK,KORD,US-NB001,2025-12-25T17:00:00Z,2025-12-25T19:11:00Z,completed
FLT-00027,SCH-00003,NB103,2025-12-26,KJFK,KORD,US-NB002,2025-12-26T17:00:00Z,2025-12-26T19:11:00Z,completed
FLT-00028,SCH-00003,NB103,2025-12-27,KJFK,KORD,US-NB003,2025-12-27T17:00:00Z,2025-12-27T19:11:00Z,completed
FLT-00029,SCH-00003,NB103,2025-12-28,KJFK,KORD,US-NB004,2025-12-28T17:00:00Z,2025-12-28T19:11:00Z,completed
FLT-00030,SCH-00003,NB103,2025-12-29,KJFK,KORD,US-NB001,2025-12-29T17:00:00Z,2025-12-29T19:11:00Z,completed
FLT-00031,SCH-00003,NB103,2025-12-30,KJFK,KORD,US-NB002,2025-12-30T17:00:00Z,2025-12-30T19:11:00Z,completed
FLT-00032,SCH-00003,NB103,2025-12-31,KJFK,KORD,US-NB003,2025-12-31T17:00:00Z,2025-12-31T19:11:00Z,completed
FLT-00033,SCH-00003,NB103,2026-01-01,KJFK,KORD,US-NB004,2026-01-01T17:00:00Z,2026-01-01T19:11:00Z,completed
FLT-00034,SCH-00003,NB103,2026-01-02,KJFK,KORD,US-NB001,2026-01-02T17:00:00Z,2026-01-02T19:11:00Z,completed
FLT-00035,SCH-00003,NB103,2026-01-03,KJFK,KORD,US-NB002,2026-01-03T17:00:00Z,2026-01-03T19:11:00Z,completed
FLT-00036,SCH-00003,NB103,2026-01-04,KJFK,KORD,US-NB003,2026-01-04T17:00:00Z,2026-01-04T19:11:00Z,completed
FLT-00037,SCH-00003,NB103,2026-01-05,KJFK,KORD,US-NB004,2026-01-05T17:00:00Z,2026-01-05T19:11:00Z,completed
FLT-00038,SCH-00003,NB103,2026-01-06,KJFK,KORD,US-NB001,2026-01-06T17:00:00Z,2026-01-06T19:11:00Z,completed
FLT-00039,SCH-00003,NB103,2026-01-07,KJFK,KORD,US-NB002,2026-01-07T17:00:00Z,2026-01-07T19:11:00Z,completed
FLT-00040,SCH-00003,NB103,2026-01-08,KJFK,KORD,US-NB003,2026-01-08T17:00:00Z,2026-01-08T19:11:00Z,completed
FLT-00041,SCH-00003,NB103,2026-01-09,KJFK,KORD,US-NB004,2026-01-09T17:00:00Z,2026-01-09T19:11:00Z,completed
FLT-00042,SCH-00003,NB103,2026-01-10,KJFK,KORD,US-NB001,2026-01-10T17:00:00Z,2026-01-10T19:11:00Z,completed
FLT-00043,SCH-00003,NB103,2026-01-11,KJFK,KORD,US-NB002,2026-01-11T17:00:00Z,2026-01-11T19:11:00Z,completed
FLT-00044,SCH-00003,NB103,2026-01-12,KJFK,KORD,US-NB003,2026-01-12T17:00:00Z,2026-01-12T19:11:00Z,completed
FLT-00045,SCH-00003,NB103,2026-01-13,KJFK,KORD,US-NB004,2026-01-13T17:00:00Z,2026-01-13T19:11:00Z,completed
FLT-00046,SCH-00003,NB103,2026-01-14,KJFK,KORD,US-NB001,2026-01-14T17:00:00Z,2026-01-14T19:11:00Z,completed
FLT-00047,SCH-00003,NB103,2026-01-15,KJFK,KORD,US-NB002,2026-01-15T17:00:00Z,2026-01-15T19:11:00Z,scheduled
FLT-00048,SCH-00003,NB103,2026-01-16,KJFK,KORD,US-NB003,2026-01-16T17:00:00Z,2026-01-16T19:11:00Z,scheduled
FLT-00049,SCH-00003,NB103,2026-01-17,KJFK,KORD,US-NB004,2026-01-17T17:00:00Z,2026-01-17T19:11:00Z,scheduled
FLT-00050,SCH-00003,NB103,2026-01-18,KJFK,KORD,US-NB001,2026-01-18T17:00:00Z,2026-01-18T19:11:00Z,scheduled
FLT-00051,SCH-00003,NB103,2026-01-19,KJFK,KORD,US-NB002,2026-01-19T17:00:00Z,2026-01-19T19:11:00Z,scheduled
FLT-00052,SCH-00003,NB103,2026-01-20,KJFK,KORD,US-NB003,2026-01-20T17:00:00Z,2026-01-20T19:11:00Z,scheduled
FLT-00053,SCH-00003,NB103,2026-01-21,KJFK,KORD,US-NB004,2026-01-21T17:00:00Z,2026-01-21T19:11:00Z,scheduled
FLT-00054,SCH-00003,NB103,2026-01-22,KJFK,KORD,US-NB001,2026-01-22T17:00:00Z,2026-01-22T19:11:00Z,scheduled
FLT-00055,SCH-00004,NB104,2025-12-26,KORD,KJFK,US-NB001,2025-12-26T21:30:00Z,2025-12-26T23:41:00Z,completed
FLT-00056,SCH-00004,NB104,2025-12-29,KORD,KJFK,US-NB002,2025-12-29T21:30:00Z,2025-12-29T23:41:00Z,completed
FLT-00057,SCH-00004,NB104,2025-12-31,KORD,KJFK,US-NB003,2025-12-31T21:30:00Z,2025-12-31T23:41:00Z,completed
FLT-00058,SCH-00004,NB104,2026-01-02,KORD,KJFK,US-NB004,2026-01-02T21:30:00Z,2026-01-02T23:41:00Z,completed
FLT-00059,SCH-00004,NB104,2026-01-05,KORD,KJFK,US-NB001,2026-01-05T21:30:00Z,2026-01-05T23:41:00Z,completed
FLT-00060,SCH-00004,NB104,2026-01-07,KORD,KJFK,US-NB002,2026-01-07T21:30:00Z,2026-01-07T23:41:00Z,completed
FLT-00061,SCH-00004,NB104,2026-01-09,KORD,KJFK,US-NB003,2026-01-09T21:30:00Z,2026-01-09T23:41:00Z,completed
FLT-00062,SCH-00004,NB104,2026-01-12,KORD,KJFK,US-NB004,2026-01-12T21:30:00Z,2026-01-12T23:41:00Z,completed
FLT-00063,SCH-00004,NB104,2026-01-14,KORD,KJFK,US-NB001,2026-01-14T21:30:00Z,2026-01-14T23:41:00Z,completed
FLT-00064,SCH-00004,NB104,2026-01-16,KORD,KJFK,US-NB002,2026-01-16T21:30:00Z,2026-01-16T23:41:00Z,scheduled
FLT-00065,SCH-00004,NB104,2026-01-19,KORD,KJFK,US-NB003,2026-01-19T21:30:00Z,2026-01-19T23:41:00Z,scheduled
FLT-00066,SCH-00004,NB104,2026-01-21,KORD,KJFK,US-NB004,2026-01-21T21:30:00Z,2026-01-21T23:41:00Z,scheduled
FLT-00067,SCH-00005,NB105,2025-12-25,KJFK,WSSS,US-NB001,2025-12-25T23:00:00Z,2025-12-26T16:48:00Z,completed
FLT-00068,SCH-00005,NB105,2025-12-27,KJFK,WSSS,US-NB002,2025-12-27T23:00:00Z,2025-12-28T16:48:00Z,completed
FLT-00069,SCH-00005,NB105,2025-12-30,KJFK,WSSS,US-NB003,2025-12-30T23:00:00Z,2025-12-31T16:48:00Z,completed
FLT-00070,SCH-00005,NB105,2026-01-01,KJFK,WSSS,US-NB004,2026-01-01T23:00:00Z,2026-01-02T16:48:00Z,completed
FLT-00071,SCH-00005,NB105,2026-01-03,KJFK,WSSS,US-NB001,2026-01-03T23:00:00Z,2026-01-04T16:48:00Z,completed
FLT-00072,SCH-00005,NB105,2026-01-06,KJFK,WSSS,US-NB002,2026-01-06T23:00:00Z,2026-01-07T16:48:00Z,completed
FLT-00073,SCH-00005,NB105,2026-01-08,KJFK,WSSS,US-NB003,2026-01-08T23:00:00Z,2026-01-09T16:48:00Z,completed
FLT-00074,SCH-00005,NB105,2026-01-10,KJFK,WSSS,US-NB004,2026-01-10T23:00:00Z,2026-01-11T16:48:00Z,completed
FLT-00075,SCH-00005,NB105,2026-01-13,KJFK,WSSS,US-NB001,2026-01-13T23:00:00Z,2026-01-14T16:48:00Z,completed
FLT-00076,SCH-00005,NB105,2026-01-15,KJFK,WSSS,US-NB002,2026-01-15T23:00:00Z,2026-01-16T16:48:00Z,scheduled
FLT-00077,SCH-00005,NB105,2026-01-17,KJFK,WSSS,US-NB003,2026-01-17T23:00:00Z,2026-01-18T16:48:00Z,scheduled
FLT-00078,SCH-00005,NB105,2026-01-20,KJFK,WSSS,US-NB004,2026-01-20T23:00:00Z,2026-01-21T16:48:00Z,scheduled
FLT-00079,SCH-00005,NB105,2026-01-22,KJFK,WSSS,US-NB001,2026-01-22T23:00:00Z,2026-01-23T16:48:00Z,scheduled
FLT-00080,SCH-00006,NB106,2025-12-25,WSSS,KJFK,US-NB001,2025-12-24T22:30:00Z,2025-12-25T16:18:00Z,completed
FLT-00081,SCH-00006,NB106,2025-12-26,WSSS,KJFK,US-NB002,2025-12-25T22:30:00Z,2025-12-26T16:18:00Z,completed
FLT-00082,SCH-00006,NB106,2025-12-27,WSSS,KJFK,US-NB003,2025-12-26T22:30:00Z,2025-12-27T16:18:00Z,completed
FLT-00083,SCH-00006,NB106,2025-12-28,WSSS,KJFK,US-NB004,2025-12-27T22:30:00Z,2025-12-28T16:18:00Z,completed
FLT-00084,SCH-00006,NB106,2025-12-29,WSSS,KJFK,US-NB001,2025-12-28T22:30:00Z,2025-12-29T16:18:00Z,completed
FLT-00085,SCH-00006,NB106,2025-12-30,WSSS,KJFK,US-NB002,2025-12-29T22:30:00Z,2025-12-30T16:18:00Z,completed
FLT-00086,SCH-00006,NB106,2025-12-31,WSSS,KJFK,US-NB003,2025-12-30T22:30:00Z,2025-12-31T16:18:00Z,completed
FLT-00087,SCH-00006,NB106,2026-01-01,WSSS,KJFK,US-NB004,2025-12-31T22:30:00Z,2026-01-01T16:18:00Z,completed
FLT-00088,SCH-00006,NB106,2026-01-02,WSSS,KJFK,US-NB001,2026-01-01T22:30:00Z,2026-01-02T16:18:00Z,completed
FLT-00089,SCH-00006,NB106,2026-01-03,WSSS,KJFK,US-NB002,2026-01-02T22:30:00Z,2026-01-03T16:18:00Z,completed
FLT-00090,SCH-00006,NB106,2026-01-04,WSSS,KJFK,US-NB003,2026-01-03T22:30:00Z,2026-01-04T16:18:00Z,completed
FLT-00091,SCH-00006,NB106,2026-01-05,WSSS,KJFK,US-NB004,2026-01-04T22:30:00Z,2026-01-05T16:18:00Z,completed
FLT-00092,SCH-00006,NB106,2026-01-06,WSSS,KJFK,US-NB001,2026-01-05T22:30:00Z,2026-01-06T16:18:00Z,completed
FLT-00093,SCH-00006,NB106,2026-01-07,WSSS,KJFK,US-NB002,2026-01-06T22:30:00Z,2026-01-07T16:18:00Z,completed
FLT-00094,SCH-00006,NB106,2026-01-08,WSSS,KJFK,US-NB003,2026-01-07T22:30:00Z,2026-01-08T16:18:00Z,completed
FLT-00095,SCH-00006,NB106,2026-01-09,WSSS,KJFK,US-NB004,2026-01-08T22:30:00Z,2026-01-09T16:18:00Z,completed
FLT-00096,SCH-00006,NB106,2026-01-10,WSSS,KJFK,US-NB001,2026-01-09T22:30:00Z,2026-01-10T16:18:00Z,completed
FLT-00097,SCH-00006,NB106,2026-01-11,WSSS,KJFK,US-NB002,2026-01-10T22:30:00Z,2026-01-11T16:18:00Z,completed
FLT-00098,SCH-00006,NB106,2026-01-12,WSSS,KJFK,US-NB003,2026-01-11T22:30:00Z,2026-01-12T16:18:00Z,completed
FLT-00099,SCH-00006,NB106,2026-01-13,WSSS,KJFK,US-NB004,2026-01-12T22:30:00Z,2026-01-13T16:18:00Z,completed
FLT-00100,SCH-00006,NB106,2026-01-14,WSSS,KJFK,US-NB001,2026-01-13T22:30:00Z,2026-01-14T16:18:00Z,completed
FLT-00101,SCH-00006,NB106,2026-01-15,WSSS,KJFK,US-NB002,2026-01-14T22:30:00Z,2026-01-15T16:18:00Z,scheduled
FLT-00102,SCH-00006,NB106,2026-01-16,WSSS,KJFK,US-NB003,2026-01-15T22:30:00Z,2026-01-16T16:18:00Z,scheduled
FLT-00103,SCH-00006,NB106,2026-01-17,WSSS,KJFK,US-NB004,2026-01-16T22:30:00Z,2026-01-17T16:18:00Z,scheduled
FLT-00104,SCH-00006,NB106,2026-01-18,WSSS,KJFK,US-NB001,2026-01-17T22:30:00Z,2026-01-18T16:18:00Z,scheduled
FLT-00105,SCH-00006,NB106,2026-01-19,WSSS,KJFK,US-NB002,2026-01-18T22:30:00Z,2026-01-19T16:18:00Z,scheduled
FLT-00106,SCH-00006,NB106,2026-01-20,WSSS,KJFK,US-NB003,2026-01-19T22:30:00Z,2026-01-20T16:18:00Z,scheduled
FLT-00107,SCH-00006,NB106,2026-01-21,WSSS,KJFK,US-NB004,2026-01-20T22:30:00Z,2026-01-21T16:18:00Z,scheduled
FLT-00108,SCH-00006,NB106,2026-01-22,WSSS,KJFK,US-NB001,2026-01-21T22:30:00Z,2026-01-22T16:18:00Z,scheduled
FLT-00109,SCH-00007,NB107,2025-12-26,KJFK,KLAX,US-NB001,2025-12-26T14:00:00Z,2025-12-26T19:32:00Z,completed
FLT-00110,SCH-00007,NB107,2025-12-29,KJFK,KLAX,US-NB004,2025-12-29T14:00:00Z,2025-12-29T19:32:00Z,completed
FLT-00111,SCH-00007,NB107,2025-12-31,KJFK,KLAX,US-NB001,2025-12-31T14:00:00Z,2025-12-31T19:32:00Z,completed
FLT-00112,SCH-00007,NB107,2026-01-02,KJFK,KLAX,US-NB004,2026-01-02T14:00:00Z,2026-01-02T19:32:00Z,completed
FLT-00113,SCH-00007,NB107,2026-01-05,KJFK,KLAX,US-NB001,2026-01-05T14:00:00Z,2026-01-05T19:32:00Z,completed
FLT-00114,SCH-00007,NB107,2026-01-07,KJFK,KLAX,US-NB004,2026-01-07T14:00:00Z,2026-01-07T19:32:00Z,completed
FLT-00115,SCH-00007,NB107,2026-01-09,KJFK,KLAX,US-NB001,2026-01-09T14:00:00Z,2026-01-09T19:32:00Z,completed
FLT-00116,SCH-00007,NB107,2026-01-12,KJFK,KLAX,US-NB004,2026-01-12T14:00:00Z,2026-01-12T19:32:00Z,completed
FLT-00117,SCH-00007,NB107,2026-01-14,KJFK,KLAX,US-NB001,2026-01-14T14:00:00Z,2026-01-14T19:32:00Z,completed
FLT-00118,SCH-00007,NB107,2026-01-16,KJFK,KLAX,US-NB004,2026-01-16T14:00:00Z,2026-01-16T19:32:00Z,scheduled
FLT-00119,SCH-00007,NB107,2026-01-19,KJFK,KLAX,US-NB001,2026-01-19T14:00:00Z,2026-01-19T19:32:00Z,scheduled
FLT-00120,SCH-00007,NB107,2026-01-21,KJFK,KLAX,US-NB004,2026-01-21T14:00:00Z,2026-01-21T19:32:00Z,scheduled
FLT-00121,SCH-00008,NB108,2025-12-25,KLAX,KJFK,US-NB001,2025-12-25T20:30:00Z,2025-12-26T02:02:00Z,completed
FLT-00122,SCH-00008,NB108,2025-12-27,KLAX,KJFK,US-NB004,2025-12-27T20:30:00Z,2025-12-28T02:02:00Z,completed
FLT-00123,SCH-00008,NB108,2025-12-30,KLAX,KJFK,US-NB001,2025-12-30T20:30:00Z,2025-12-31T02:02:00Z,completed
FLT-00124,SCH-00008,NB108,2026-01-01,KLAX,KJFK,US-NB004,2026-01-01T20:30:00Z,2026-01-02T02:02:00Z,completed
FLT-00125,SCH-00008,NB108,2026-01-03,KLAX,KJFK,US-NB001,2026-01-03T20:30:00Z,2026-01-04T02:02:00Z,completed
FLT-00126,SCH-00008,NB108,2026-01-06,KLAX,KJFK,US-NB004,2026-01-06T20:30:00Z,2026-01-07T02:02:00Z,completed
FLT-00127,SCH-00008,NB108,2026-01-08,KLAX,KJFK,US-NB001,2026-01-08T20:30:00Z,2026-01-09T02:02:00Z,completed
FLT-00128,SCH-00008,NB108,2026-01-10,KLAX,KJFK,US-NB004,2026-01-10T20:30:00Z,2026-01-11T02:02:00Z,completed
FLT-00129,SCH-00008,NB108,2026-01-13,KLAX,KJFK,US-NB001,2026-01-13T20:30:00Z,2026-01-14T02:02:00Z,completed
FLT-00130,SCH-00008,NB108,2026-01-15,KLAX,KJFK,US-NB004,2026-01-15T20:30:00Z,2026-01-16T02:02:00Z,scheduled
FLT-00131,SCH-00008,NB108,2026-01-17,KLAX,KJFK,US-NB001,2026-01-17T20:30:00Z,2026-01-18T02:02:00Z,scheduled
FLT-00132,SCH-00008,NB108,2026-01-20,KLAX,KJFK,US-NB004,2026-01-20T20:30:00Z,2026-01-21T02:02:00Z,scheduled
FLT-00133,SCH-00008,NB108,2026-01-22,KLAX,KJFK,US-NB001,2026-01-22T20:30:00Z,2026-01-23T02:02:00Z,scheduled
FLT-00134,SCH-00009,ZM101,2025-12-25,EGLL,CYYZ,GB-ZM003,2025-12-25T15:00:00Z,2025-12-25T22:33:00Z,completed
FLT-00135,SCH-00009,ZM101,2025-12-26,EGLL,CYYZ,GB-ZM003,2025-12-26T15:00:00Z,2025-12-26T22:33:00Z,completed
FLT-00136,SCH-00009,ZM101,2025-12-27,EGLL,CYYZ,GB-ZM003,2025-12-27T15:00:00Z,2025-12-27T22:33:00Z,completed
FLT-00137,SCH-00009,ZM101,2025-12-28,EGLL,CYYZ,GB-ZM003,2025-12-28T15:00:00Z,2025-12-28T22:33:00Z,completed
FLT-00138,SCH-00009,ZM101,2025-12-29,EGLL,CYYZ,GB-ZM003,2025-12-29T15:00:00Z,2025-12-29T22:33:00Z,completed
FLT-00139,SCH-00009,ZM101,2025-12-30,EGLL,CYYZ,GB-ZM003,2025-12-30T15:00:00Z,2025-12-30T22:33:00Z,completed
FLT-00140,SCH-00009,ZM101,2025-12-31,EGLL,CYYZ,GB-ZM003,2025-12-31T15:00:00Z,2025-12-31T22:33:00Z,completed
FLT-00141,SCH-00009,ZM101,2026-01-01,EGLL,CYYZ,GB-ZM003,2026-01-01T15:00:00Z,2026-01-01T22:33:00Z,completed
FLT-00142,SCH-00009,ZM101,2026-01-02,EGLL,CYYZ,GB-ZM003,2026-01-02T15:00:00Z,2026-01-02T22:33:00Z,completed
FLT-00143,SCH-00009,ZM101,2026-01-03,EGLL,CYYZ,GB-ZM003,2026-01-03T15:00:00Z,2026-01-03T22:33:00Z,completed
FLT-00144,SCH-00009,ZM101,2026-01-04,EGLL,CYYZ,GB-ZM003,2026-01-04T15:00:00Z,2026-01-04T22:33:00Z,completed
FLT-00145,SCH-00009,ZM101,2026-01-05,EGLL,CYYZ,GB-ZM003,2026-01-05T15:00:00Z,2026-01-05T22:33:00Z,completed
FLT-00146,SCH-00009,ZM101,2026-01-06,EGLL,CYYZ,GB-ZM003,2026-01-06T15:00:00Z,2026-01-06T22:33:00Z,completed
FLT-00147,SCH-00009,ZM101,2026-01-07,EGLL,CYYZ,GB-ZM003,2026-01-07T15:00:00Z,2026-01-07T22:33:00Z,completed
FLT-00148,SCH-00009,ZM101,2026-01-08,EGLL,CYYZ,GB-ZM003,2026-01-08T15:00:00Z,2026-01-08T22:33:00Z,completed
FLT-00149,SCH-00009,ZM101,2026-01-09,EGLL,CYYZ,GB-ZM003,2026-01-09T15:00:00Z,2026-01-09T22:33:00Z,completed
FLT-00150,SCH-00009,ZM101,2026-01-10,EGLL,CYYZ,GB-ZM003,2026-01-10T15:00:00Z,2026-01-10T22:33:00Z,completed
FLT-00151,SCH-00009,ZM101,2026-01-11,EGLL,CYYZ,GB-ZM003,2026-01-11T15:00:00Z,2026-01-11T22:33:00Z,completed
FLT-00152,SCH-00009,ZM101,2026-01-12,EGLL,CYYZ,GB-ZM003,2026-01-12T15:00:00Z,2026-01-12T22:33:00Z,completed
FLT-00153,SCH-00009,ZM101,2026-01-13,EGLL,CYYZ,GB-ZM003,2026-01-13T15:00:00Z,2026-01-13T22:33:00Z,completed
FLT-00154,SCH-00009,ZM101,2026-01-14,EGLL,CYYZ,GB-ZM003,2026-01-14T15:00:00Z,2026-01-14T22:33:00Z,completed
FLT-00155,SCH-00009,ZM101,2026-01-15,EGLL,CYYZ,GB-ZM003,2026-01-15T15:00:00Z,2026-01-15T22:33:00Z,scheduled
FLT-00156,SCH-00009,ZM101,2026-01-16,EGLL,CYYZ,GB-ZM003,2026-01-16T15:00:00Z,2026-01-16T22:33:00Z,scheduled
FLT-00157,SCH-00009,ZM101,2026-01-17,EGLL,CYYZ,GB-ZM003,2026-01-17T15:00:00Z,2026-01-17T22:33:00Z,scheduled
FLT-00158,SCH-00009,ZM101,2026-01-18,EGLL,CYYZ,GB-ZM003,2026-01-18T15:00:00Z,2026-01-18T22:33:00Z,scheduled
FLT-00159,SCH-00009,ZM101,2026-01-19,EGLL,CYYZ,GB-ZM003,2026-01-19T15:00:00Z,2026-01-19T22:33:00Z,scheduled
FLT-00160,SCH-00009,ZM101,2026-01-20,EGLL,CYYZ,GB-ZM003,2026-01-20T15:00:00Z,2026-01-20T22:33:00Z,scheduled
FLT-00161,SCH-00009,ZM101,2026-01-21,EGLL,CYYZ,GB-ZM003,2026-01-21T15:00:00Z,2026-01-21T22:33:00Z,scheduled
FLT-00162,SCH-00009,ZM101,2026-01-22,EGLL,CYYZ,GB-ZM003,2026-01-22T15:00:00Z,2026-01-22T22:33:00Z,scheduled
FLT-00163,SCH-00010,ZM102,2025-12-26,CYYZ,EGLL,GB-ZM003,2025-12-26T23:30:00Z,2025-12-27T07:03:00Z,completed
FLT-00164,SCH-00010,ZM102,2025-12-29,CYYZ,EGLL,GB-ZM003,2025-12-29T23:30:00Z,2025-12-30T07:03:00Z,completed
FLT-00165,SCH-00010,ZM102,2025-12-31,CYYZ,EGLL,GB-ZM003,2025-12-31T23:30:00Z,2026-01-01T07:03:00Z,completed
FLT-00166,SCH-00010,ZM102,2026-01-02,CYYZ,EGLL,GB-ZM003,2026-01-02T23:30:00Z,2026-01-03T07:03:00Z,completed
FLT-00167,SCH-00010,ZM102,2026-01-05,CYYZ,EGLL,GB-ZM003,2026-01-05T23:30:00Z,2026-01-06T07:03:00Z,completed
FLT-00168,SCH-00010,ZM102,2026-01-07,CYYZ,EGLL,GB-ZM003,2026-01-07T23:30:00Z,2026-01-08T07:03:00Z,completed
FLT-00169,SCH-00010,ZM102,2026-01-09,CYYZ,EGLL,GB-ZM003,2026-01-09T23:30:00Z,2026-01-10T07:03:00Z,completed
FLT-00170,SCH-00010,ZM102,2026-01-12,CYYZ,EGLL,GB-ZM003,2026-01-12T23:30:00Z,2026-01-13T07:03:00Z,completed
FLT-00171,SCH-00010,ZM102,2026-01-14,CYYZ,EGLL,GB-ZM003,2026-01-14T23:30:00Z,2026-01-15T07:03:00Z,completed
FLT-00172,SCH-00010,ZM102,2026-01-16,CYYZ,EGLL,GB-ZM003,2026-01-16T23:30:00Z,2026-01-17T07:03:00Z,scheduled
FLT-00173,SCH-00010,ZM102,2026-01-19,CYYZ,EGLL,GB-ZM003,2026-01-19T23:30:00Z,2026-01-20T07:03:00Z,scheduled
FLT-00174,SCH-00010,ZM102,2026-01-21,CYYZ,EGLL,GB-ZM003,2026-01-21T23:30:00Z,2026-01-22T07:03:00Z,scheduled
FLT-00175,SCH-00011,ZM103,2025-12-25,EGLL,KSFO,GB-ZM001,2025-12-25T06:00:00Z,2025-12-25T16:19:00Z,completed
FLT-00176,SCH-00011,ZM103,2025-12-27,EGLL,KSFO,GB-ZM002,2025-12-27T06:00:00Z,2025-12-27T16:19:00Z,completed
FLT-00177,SCH-00011,ZM103,2025-12-30,EGLL,KSFO,GB-ZM003,2025-12-30T06:00:00Z,2025-12-30T16:19:00Z,completed
FLT-00178,SCH-00011,ZM103,2026-01-01,EGLL,KSFO,GB-ZM004,2026-01-01T06:00:00Z,2026-01-01T16:19:00Z,completed
FLT-00179,SCH-00011,ZM103,2026-01-03,EGLL,KSFO,GB-ZM001,2026-01-03T06:00:00Z,2026-01-03T16:19:00Z,completed
FLT-00180,SCH-00011,ZM103,2026-01-06,EGLL,KSFO,GB-ZM002,2026-01-06T06:00:00Z,2026-01-06T16:19:00Z,completed
FLT-00181,SCH-00011,ZM103,2026-01-08,EGLL,KSFO,GB-ZM003,2026-01-08T06:00:00Z,2026-01-08T16:19:00Z,completed
FLT-00182,SCH-00011,ZM103,2026-01-10,EGLL,KSFO,GB-ZM004,2026-01-10T06:00:00Z,2026-01-10T16:19:00Z,completed
FLT-00183,SCH-00011,ZM103,2026-01-13,EGLL,KSFO,GB-ZM001,2026-01-13T06:00:00Z,2026-01-13T16:19:00Z,completed
FLT-00184,SCH-00011,ZM103,2026-01-15,EGLL,KSFO,GB-ZM002,2026-01-15T06:00:00Z,2026-01-15T16:19:00Z,scheduled
FLT-00185,SCH-00011,ZM103,2026-01-17,EGLL,KSFO,GB-ZM003,2026-01-17T06:00:00Z,2026-01-17T16:19:00Z,scheduled
FLT-00186,SCH-00011,ZM103,2026-01-20,EGLL,KSFO,GB-ZM004,2026-01-20T06:00:00Z,2026-01-20T16:19:00Z,scheduled
FLT-00187,SCH-00011,ZM103,2026-01-22,EGLL,KSFO,GB-ZM001,2026-01-22T06:00:00Z,2026-01-22T16:19:00Z,scheduled
FLT-00188,SCH-00012,ZM104,2025-12-25,KSFO,EGLL,GB-ZM001,2025-12-25T17:30:00Z,2025-12-26T03:49:00Z,completed
FLT-00189,SCH-00012,ZM104,2025-12-26,KSFO,EGLL,GB-ZM002,2025-12-26T17:30:00Z,2025-12-27T03:49:00Z,completed
FLT-00190,SCH-00012,ZM104,2025-12-27,KSFO,EGLL,GB-ZM003,2025-12-27T17:30:00Z,2025-12-28T03:49:00Z,completed
FLT-00191,SCH-00012,ZM104,2025-12-28,KSFO,EGLL,GB-ZM004,2025-12-28T17:30:00Z,2025-12-29T03:49:00Z,completed
FLT-00192,SCH-00012,ZM104,2025-12-29,KSFO,EGLL,GB-ZM001,2025-12-29T17:30:00Z,2025-12-30T03:49:00Z,completed
FLT-00193,SCH-00012,ZM104,2025-12-30,KSFO,EGLL,GB-ZM002,2025-12-30T17:30:00Z,2025-12-31T03:49:00Z,completed
FLT-00194,SCH-00012,ZM104,2025-12-31,KSFO,EGLL,GB-ZM003,2025-12-31T17:30:00Z,2026-01-01T03:49:00Z,completed
FLT-00195,SCH-00012,ZM104,2026-01-01,KSFO,EGLL,GB-ZM004,2026-01-01T17:30:00Z,2026-01-02T03:49:00Z,completed
FLT-00196,SCH-00012,ZM104,2026-01-02,KSFO,EGLL,GB-ZM001,2026-01-02T17:30:00Z,2026-01-03T03:49:00Z,completed
FLT-00197,SCH-00012,ZM104,2026-01-03,KSFO,EGLL,GB-ZM002,2026-01-03T17:30:00Z,2026-01-04T03:49:00Z,completed
FLT-00198,SCH-00012,ZM104,2026-01-04,KSFO,EGLL,GB-ZM003,2026-01-04T17:30:00Z,2026-01-05T03:49:00Z,completed
FLT-00199,SCH-00012,ZM104,2026-01-05,KSFO,EGLL,GB-ZM004,2026-01-05T17:30:00Z,2026-01-06T03:49:00Z,completed
FLT-00200,SCH-00012,ZM104,2026-01-06,KSFO,EGLL,GB-ZM001,2026-01-06T17:30:00Z,2026-01-07T03:49:00Z,completed
FLT-00201,SCH-00012,ZM104,2026-01-07,KSFO,EGLL,GB-ZM002,2026-01-07T17:30:00Z,2026-01-08T03:49:00Z,completed
FLT-00202,SCH-00012,ZM104,2026-01-08,KSFO,EGLL,GB-ZM003,2026-01-08T17:30:00Z,2026-01-09T03:49:00Z,completed
FLT-00203,SCH-00012,ZM104,2026-01-09,KSFO,EGLL,GB-ZM004,2026-01-09T17:30:00Z,2026-01-10T03:49:00Z,completed
FLT-00204,SCH-00012,ZM104,2026-01-10,KSFO,EGLL,GB-ZM001,2026-01-10T17:30:00Z,2026-01-11T03:49:00Z,completed
FLT-00205,SCH-00012,ZM104,2026-01-11,KSFO,EGLL,GB-ZM002,2026-01-11T17:30:00Z,2026-01-12T03:49:00Z,completed
FLT-00206,SCH-00012,ZM104,2026-01-12,KSFO,EGLL,GB-ZM003,2026-01-12T17:30:00Z,2026-01-13T03:49:00Z,completed
FLT-00207,SCH-00012,ZM104,2026-01-13,KSFO,EGLL,GB-ZM004,2026-01-13T17:30:00Z,2026-01-14T03:49:00Z,completed
FLT-00208,SCH-00012,ZM104,2026-01-14,KSFO,EGLL,GB-ZM001,2026-01-14T17:30:00Z,2026-01-15T03:49:00Z,completed
FLT-00209,SCH-00012,ZM104,2026-01-15,KSFO,EGLL,GB-ZM002,2026-01-15T17:30:00Z,2026-01-16T03:49:00Z,scheduled
FLT-00210,SCH-00012,ZM104,2026-01-16,KSFO,EGLL,GB-ZM003,2026-01-16T17:30:00Z,2026-01-17T03:49:00Z,scheduled
FLT-00211,SCH-00012,ZM104,2026-01-17,KSFO,EGLL,GB-ZM004,2026-01-17T17:30:00Z,2026-01-18T03:49:00Z,scheduled
FLT-00212,SCH-00012,ZM104,2026-01-18,KSFO,EGLL,GB-ZM001,2026-01-18T17:30:00Z,2026-01-19T03:49:00Z,scheduled
FLT-00213,SCH-00012,ZM104,2026-01-19,KSFO,EGLL,GB-ZM002,2026-01-19T17:30:00Z,2026-01-20T03:49:00Z,scheduled
FLT-00214,SCH-00012,ZM104,2026-01-20,KSFO,EGLL,GB-ZM003,2026-01-20T17:30:00Z,2026-01-21T03:49:00Z,scheduled
FLT-00215,SCH-00012,ZM104,2026-01-21,KSFO,EGLL,GB-ZM004,2026-01-21T17:30:00Z,2026-01-22T03:49:00Z,scheduled
FLT-00216,SCH-00012,ZM104,2026-01-22,KSFO,EGLL,GB-ZM001,2026-01-22T17:30:00Z,2026-01-23T03:49:00Z,scheduled
FLT-00217,SCH-00013,ZM105,2025-12-26,EGLL,OMDB,GB-ZM003,2025-12-26T12:00:00Z,2025-12-26T19:18:00Z,completed
FLT-00218,SCH-00013,ZM105,2025-12-29,EGLL,OMDB,GB-ZM003,2025-12-29T12:00:00Z,2025-12-29T19:18:00Z,completed
FLT-00219,SCH-00013,ZM105,2025-12-31,EGLL,OMDB,GB-ZM003,2025-12-31T12:00:00Z,2025-12-31T19:18:00Z,completed
FLT-00220,SCH-00013,ZM105,2026-01-02,EGLL,OMDB,GB-ZM003,2026-01-02T12:00:00Z,2026-01-02T19:18:00Z,completed
FLT-00221,SCH-00013,ZM105,2026-01-05,EGLL,OMDB,GB-ZM003,2026-01-05T12:00:00Z,2026-01-05T19:18:00Z,completed
FLT-00222,SCH-00013,ZM105,2026-01-07,EGLL,OMDB,GB-ZM003,2026-01-07T12:00:00Z,2026-01-07T19:18:00Z,completed
FLT-00223,SCH-00013,ZM105,2026-01-09,EGLL,OMDB,GB-ZM003,2026-01-09T12:00:00Z,2026-01-09T19:18:00Z,completed
FLT-00224,SCH-00013,ZM105,2026-01-12,EGLL,OMDB,GB-ZM003,2026-01-12T12:00:00Z,2026-01-12T19:18:00Z,completed
FLT-00225,SCH-00013,ZM105,2026-01-14,EGLL,OMDB,GB-ZM003,2026-01-14T12:00:00Z,2026-01-14T19:18:00Z,completed
FLT-00226,SCH-00013,ZM105,2026-01-16,EGLL,OMDB,GB-ZM003,2026-01-16T12:00:00Z,2026-01-16T19:18:00Z,scheduled
FLT-00227,SCH-00013,ZM105,2026-01-19,EGLL,OMDB,GB-ZM003,2026-01-19T12:00:00Z,2026-01-19T19:18:00Z,scheduled
FLT-00228,SCH-00013,ZM105,2026-01-21,EGLL,OMDB,GB-ZM003,2026-01-21T12:00:00Z,2026-01-21T19:18:00Z,scheduled
FLT-00229,SCH-00014,ZM106,2025-12-25,OMDB,EGLL,GB-ZM003,2025-12-25T11:30:00Z,2025-12-25T18:48:00Z,completed
FLT-00230,SCH-00014,ZM106,2025-12-27,OMDB,EGLL,GB-ZM003,2025-12-27T11:30:00Z,2025-12-27T18:48:00Z,completed
FLT-00231,SCH-00014,ZM106,2025-12-30,OMDB,EGLL,GB-ZM003,2025-12-30T11:30:00Z,2025-12-30T18:48:00Z,completed
FLT-00232,SCH-00014,ZM106,2026-01-01,OMDB,EGLL,GB-ZM003,2026-01-01T11:30:00Z,2026-01-01T18:48:00Z,completed
FLT-00233,SCH-00014,ZM106,2026-01-03,OMDB,EGLL,GB-ZM003,2026-01-03T11:30:00Z,2026-01-03T18:48:00Z,completed
FLT-00234,SCH-00014,ZM106,2026-01-06,OMDB,EGLL,GB-ZM003,2026-01-06T11:30:00Z,2026-01-06T18:48:00Z,completed
FLT-00235,SCH-00014,ZM106,2026-01-08,OMDB,EGLL,GB-ZM003,2026-01-08T11:30:00Z,2026-01-08T18:48:00Z,completed
FLT-00236,SCH-00014,ZM106,2026-01-10,OMDB,EGLL,GB-ZM003,2026-01-10T11:30:00Z,2026-01-10T18:48:00Z,completed
FLT-00237,SCH-00014,ZM106,2026-01-13,OMDB,EGLL,GB-ZM003,2026-01-13T11:30:00Z,2026-01-13T18:48:00Z,completed
FLT-00238,SCH-00014,ZM106,2026-01-15,OMDB,EGLL,GB-ZM003,2026-01-15T11:30:00Z,2026-01-15T18:48:00Z,scheduled
FLT-00239,SCH-00014,ZM106,2026-01-17,OMDB,EGLL,GB-ZM003,2026-01-17T11:30:00Z,2026-01-17T18:48:00Z,scheduled
FLT-00240,SCH-00014,ZM106,2026-01-20,OMDB,EGLL,GB-ZM003,2026-01-20T11:30:00Z,2026-01-20T18:48:00Z,scheduled
FLT-00241,SCH-00014,ZM106,2026-01-22,OMDB,EGLL,GB-ZM003,2026-01-22T11:30:00Z,2026-01-22T18:48:00Z,scheduled
FLT-00242,SCH-00015,ZM107,2025-12-25,EGLL,LIRF,GB-ZM001,2025-12-25T18:00:00Z,2025-12-25T20:33:00Z,completed
FLT-00243,SCH-00015,ZM107,2025-12-26,EGLL,LIRF,GB-ZM004,2025-12-26T18:00:00Z,2025-12-26T20:33:00Z,completed
FLT-00244,SCH-00015,ZM107,2025-12-27,EGLL,LIRF,GB-ZM001,2025-12-27T18:00:00Z,2025-12-27T20:33:00Z,completed
FLT-00245,SCH-00015,ZM107,2025-12-28,EGLL,LIRF,GB-ZM004,2025-12-28T18:00:00Z,2025-12-28T20:33:00Z,completed
FLT-00246,SCH-00015,ZM107,2025-12-29,EGLL,LIRF,GB-ZM001,2025-12-29T18:00:00Z,2025-12-29T20:33:00Z,completed
FLT-00247,SCH-00015,ZM107,2025-12-30,EGLL,LIRF,GB-ZM004,2025-12-30T18:00:00Z,2025-12-30T20:33:00Z,completed
FLT-00248,SCH-00015,ZM107,2025-12-31,EGLL,LIRF,GB-ZM001,2025-12-31T18:00:00Z,2025-12-31T20:33:00Z,completed
FLT-00249,SCH-00015,ZM107,2026-01-01,EGLL,LIRF,GB-ZM004,2026-01-01T18:00:00Z,2026-01-01T20:33:00Z,completed
FLT-00250,SCH-00015,ZM107,2026-01-02,EGLL,LIRF,GB-ZM001,2026-01-02T18:00:00Z,2026-01-02T20:33:00Z,completed
FLT-00251,SCH-00015,ZM107,2026-01-03,EGLL,LIRF,GB-ZM004,2026-01-03T18:00:00Z,2026-01-03T20:33:00Z,completed
FLT-00252,SCH-00015,ZM107,2026-01-04,EGLL,LIRF,GB-ZM001,2026-01-04T18:00:00Z,2026-01-04T20:33:00Z,completed
FLT-00253,SCH-00015,ZM107,2026-01-05,EGLL,LIRF,GB-ZM004,2026-01-05T18:00:00Z,2026-01-05T20:33:00Z,completed
FLT-00254,SCH-00015,ZM107,2026-01-06,EGLL,LIRF,GB-ZM001,2026-01-06T18:00:00Z,2026-01-06T20:33:00Z,completed
FLT-00255,SCH-00015,ZM107,2026-01-07,EGLL,LIRF,GB-ZM004,2026-01-07T18:00:00Z,2026-01-07T20:33:00Z,completed
FLT-00256,SCH-00015,ZM107,2026-01-08,EGLL,LIRF,GB-ZM001,2026-01-08T18:00:00Z,2026-01-08T20:33:00Z,completed
FLT-00257,SCH-00015,ZM107,2026-01-09,EGLL,LIRF,GB-ZM004,2026-01-09T18:00:00Z,2026-01-09T20:33:00Z,completed
FLT-00258,SCH-00015,ZM107,2026-01-10,EGLL,LIRF,GB-ZM001,2026-01-10T18:00:00Z,2026-01-10T20:33:00Z,completed
FLT-00259,SCH-00015,ZM107,2026-01-11,EGLL,LIRF,GB-ZM004,2026-01-11T18:00:00Z,2026-01-11T20:33:00Z,completed
FLT-00260,SCH-00015,ZM107,2026-01-12,EGLL,LIRF,GB-ZM001,2026-01-12T18:00:00Z,2026-01-12T20:33:00Z,completed
FLT-00261,SCH-00015,ZM107,2026-01-13,EGLL,LIRF,GB-ZM004,2026-01-13T18:00:00Z,2026-01-13T20:33:00Z,completed
FLT-00262,SCH-00015,ZM107,2026-01-14,EGLL,LIRF,GB-ZM001,2026-01-14T18:00:00Z,2026-01-14T20:33:00Z,completed
FLT-00263,SCH-00015,ZM107,2026-01-15,EGLL,LIRF,GB-ZM004,2026-01-15T18:00:00Z,2026-01-15T20:33:00Z,scheduled
FLT-00264,SCH-00015,ZM107,2026-01-16,EGLL,LIRF,GB-ZM001,2026-01-16T18:00:00Z,2026-01-16T20:33:00Z,scheduled
FLT-00265,SCH-00015,ZM107,2026-01-17,EGLL,LIRF,GB-ZM004,2026-01-17T18:00:00Z,2026-01-17T20:33:00Z,scheduled
FLT-00266,SCH-00015,ZM107,2026-01-18,EGLL,LIRF,GB-ZM001,2026-01-18T18:00:00Z,2026-01-18T20:33:00Z,scheduled
FLT-00267,SCH-00015,ZM107,2026-01-19,EGLL,LIRF,GB-ZM004,2026-01-19T18:00:00Z,2026-01-19T20:33:00Z,scheduled
FLT-00268,SCH-00015,ZM107,2026-01-20,EGLL,LIRF,GB-ZM001,2026-01-20T18:00:00Z,2026-01-20T20:33:00Z,scheduled
FLT-00269,SCH-00015,ZM107,2026-01-21,EGLL,LIRF,GB-ZM004,2026-01-21T18:00:00Z,2026-01-21T20:33:00Z,scheduled
FLT-00270,SCH-00015,ZM107,2026-01-22,EGLL,LIRF,GB-ZM001,2026-01-22T18:00:00Z,2026-01-22T20:33:00Z,scheduled
FLT-00271,SCH-00016,ZM108,2025-12-26,LIRF,EGLL,GB-ZM001,2025-12-26T05:30:00Z,2025-12-26T08:03:00Z,completed
FLT-00272,SCH-00016,ZM108,2025-12-29,LIRF,EGLL,GB-ZM004,2025-12-29T05:30:00Z,2025-12-29T08:03:00Z,completed
FLT-00273,SCH-00016,ZM108,2025-12-31,LIRF,EGLL,GB-ZM001,2025-12-31T05:30:00Z,2025-12-31T08:03:00Z,completed
FLT-00274,SCH-00016,ZM108,2026-01-02,LIRF,EGLL,GB-ZM004,2026-01-02T05:30:00Z,2026-01-02T08:03:00Z,completed
FLT-00275,SCH-00016,ZM108,2026-01-05,LIRF,EGLL,GB-ZM001,2026-01-05T05:30:00Z,2026-01-05T08:03:00Z,completed
FLT-00276,SCH-00016,ZM108,2026-01-07,LIRF,EGLL,GB-ZM004,2026-01-07T05:30:00Z,2026-01-07T08:03:00Z,completed
FLT-00277,SCH-00016,ZM108,2026-01-09,LIRF,EGLL,GB-ZM001,2026-01-09T05:30:00Z,2026-01-09T08:03:00Z,completed
FLT-00278,SCH-00016,ZM108,2026-01-12,LIRF,EGLL,GB-ZM004,2026-01-12T05:30:00Z,2026-01-12T08:03:00Z,completed
FLT-00279,SCH-00016,ZM108,2026-01-14,LIRF,EGLL,GB-ZM001,2026-01-14T05:30:00Z,2026-01-14T08:03:00Z,completed
FLT-00280,SCH-00016,ZM108,2026-01-16,LIRF,EGLL,GB-ZM004,2026-01-16T05:30:00Z,2026-01-16T08:03:00Z,scheduled
FLT-00281,SCH-00016,ZM108,2026-01-19,LIRF,EGLL,GB-ZM001,2026-01-19T05:30:00Z,2026-01-19T08:03:00Z,scheduled
FLT-00282,SCH-00016,ZM108,2026-01-21,LIRF,EGLL,GB-ZM004,2026-01-21T05:30:00Z,2026-01-21T08:03:00Z,scheduled
FLT-00283,SCH-00017,SL101,2025-12-25,LFPG,KORD,FR-SL001,2025-12-25T08:00:00Z,2025-12-25T16:09:00Z,completed
FLT-00284,SCH-00017,SL101,2025-12-27,LFPG,KORD,FR-SL002,2025-12-27T08:00:00Z,2025-12-27T16:09:00Z,completed
FLT-00285,SCH-00017,SL101,2025-12-30,LFPG,KORD,FR-SL003,2025-12-30T08:00:00Z,2025-12-30T16:09:00Z,completed
FLT-00286,SCH-00017,SL101,2026-01-01,LFPG,KORD,FR-SL004,2026-01-01T08:00:00Z,2026-01-01T16:09:00Z,completed
FLT-00287,SCH-00017,SL101,2026-01-03,LFPG,KORD,FR-SL001,2026-01-03T08:00:00Z,2026-01-03T16:09:00Z,completed
FLT-00288,SCH-00017,SL101,2026-01-06,LFPG,KORD,FR-SL002,2026-01-06T08:00:00Z,2026-01-06T16:09:00Z,completed
FLT-00289,SCH-00017,SL101,2026-01-08,LFPG,KORD,FR-SL003,2026-01-08T08:00:00Z,2026-01-08T16:09:00Z,completed
FLT-00290,SCH-00017,SL101,2026-01-10,LFPG,KORD,FR-SL004,2026-01-10T08:00:00Z,2026-01-10T16:09:00Z,completed
FLT-00291,SCH-00017,SL101,2026-01-13,LFPG,KORD,FR-SL001,2026-01-13T08:00:00Z,2026-01-13T16:09:00Z,completed
FLT-00292,SCH-00017,SL101,2026-01-15,LFPG,KORD,FR-SL002,2026-01-15T08:00:00Z,2026-01-15T16:09:00Z,scheduled
FLT-00293,SCH-00017,SL101,2026-01-17,LFPG,KORD,FR-SL003,2026-01-17T08:00:00Z,2026-01-17T16:09:00Z,scheduled
FLT-00294,SCH-00017,SL101,2026-01-20,LFPG,KORD,FR-SL004,2026-01-20T08:00:00Z,2026-01-20T16:09:00Z,scheduled
FLT-00295,SCH-00017,SL101,2026-01-22,LFPG,KORD,FR-SL001,2026-01-22T08:00:00Z,2026-01-22T16:09:00Z,scheduled
FLT-00296,SCH-00018,SL102,2025-12-25,KORD,LFPG,FR-SL001,2025-12-25T18:30:00Z,2025-12-26T02:39:00Z,completed
FLT-00297,SCH-00018,SL102,2025-12-26,KORD,LFPG,FR-SL002,2025-12-26T18:30:00Z,2025-12-27T02:39:00Z,completed
FLT-00298,SCH-00018,SL102,2025-12-27,KORD,LFPG,FR-SL003,2025-12-27T18:30:00Z,2025-12-28T02:39:00Z,completed
FLT-00299,SCH-00018,SL102,2025-12-28,KORD,LFPG,FR-SL004,2025-12-28T18:30:00Z,2025-12-29T02:39:00Z,completed
FLT-00300,SCH-00018,SL102,2025-12-29,KORD,LFPG,FR-SL001,2025-12-29T18:30:00Z,2025-12-30T02:39:00Z,completed
FLT-00301,SCH-00018,SL102,2025-12-30,KORD,LFPG,FR-SL002,2025-12-30T18:30:00Z,2025-12-31T02:39:00Z,completed
FLT-00302,SCH-00018,SL102,2025-12-31,KORD,LFPG,FR-SL003,2025-12-31T18:30:00Z,2026-01-01T02:39:00Z,completed
FLT-00303,SCH-00018,SL102,2026-01-01,KORD,LFPG,FR-SL004,2026-01-01T18:30:00Z,2026-01-02T02:39:00Z,completed
FLT-00304,SCH-00018,SL102,2026-01-02,KORD,LFPG,FR-SL001,2026-01-02T18:30:00Z,2026-01-03T02:39:00Z,completed
FLT-00305,SCH-00018,SL102,2026-01-03,KORD,LFPG,FR-SL002,2026-01-03T18:30:00Z,2026-01-04T02:39:00Z,completed
FLT-00306,SCH-00018,SL102,2026-01-04,KORD,LFPG,FR-SL003,2026-01-04T18:30:00Z,2026-01-05T02:39:00Z,completed
FLT-00307,SCH-00018,SL102,2026-01-05,KORD,LFPG,FR-SL004,2026-01-05T18:30:00Z,2026-01-06T02:39:00Z,completed
FLT-00308,SCH-00018,SL102,2026-01-06,KORD,LFPG,FR-SL001,2026-01-06T18:30:00Z,2026-01-07T02:39:00Z,completed
FLT-00309,SCH-00018,SL102,2026-01-07,KORD,LFPG,FR-SL002,2026-01-07T18:30:00Z,2026-01-08T02:39:00Z,completed
FLT-00310,SCH-00018,SL102,2026-01-08,KORD,LFPG,FR-SL003,2026-01-08T18:30:00Z,2026-01-09T02:39:00Z,completed
FLT-00311,SCH-00018,SL102,2026-01-09,KORD,LFPG,FR-SL004,2026-01-09T18:30:00Z,2026-01-10T02:39:00Z,completed
FLT-00312,SCH-00018,SL102,2026-01-10,KORD,LFPG,FR-SL001,2026-01-10T18:30:00Z,2026-01-11T02:39:00Z,completed
FLT-00313,SCH-00018,SL102,2026-01-11,KORD,LFPG,FR-SL002,2026-01-11T18:30:00Z,2026-01-12T02:39:00Z,completed
FLT-00314,SCH-00018,SL102,2026-01-12,KORD,LFPG,FR-SL003,2026-01-12T18:30:00Z,2026-01-13T02:39:00Z,completed
FLT-00315,SCH-00018,SL102,2026-01-13,KORD,LFPG,FR-SL004,2026-01-13T18:30:00Z,2026-01-14T02:39:00Z,completed
FLT-00316,SCH-00018,SL102,2026-01-14,KORD,LFPG,FR-SL001,2026-01-14T18:30:00Z,2026-01-15T02:39:00Z,completed
FLT-00317,SCH-00018,SL102,2026-01-15,KORD,LFPG,FR-SL002,2026-01-15T18:30:00Z,2026-01-16T02:39:00Z,scheduled
FLT-00318,SCH-00018,SL102,2026-01-16,KORD,LFPG,FR-SL003,2026-01-16T18:30:00Z,2026-01-17T02:39:00Z,scheduled
FLT-00319,SCH-00018,SL102,2026-01-17,KORD,LFPG,FR-SL004,2026-01-17T18:30:00Z,2026-01-18T02:39:00Z,scheduled
FLT-00320,SCH-00018,SL102,2026-01-18,KORD,LFPG,FR-SL001,2026-01-18T18:30:00Z,2026-01-19T02:39:00Z,scheduled
FLT-00321,SCH-00018,SL102,2026-01-19,KORD,LFPG,FR-SL002,2026-01-19T18:30:00Z,2026-01-20T02:39:00Z,scheduled
FLT-00322,SCH-00018,SL102,2026-01-20,KORD,LFPG,FR-SL003,2026-01-20T18:30:00Z,2026-01-21T02:39:00Z,scheduled
FLT-00323,SCH-00018,SL102,2026-01-21,KORD,LFPG,FR-SL004,2026-01-21T18:30:00Z,2026-01-22T02:39:00Z,scheduled
FLT-00324,SCH-00018,SL102,2026-01-22,KORD,LFPG,FR-SL001,2026-01-22T18:30:00Z,2026-01-23T02:39:00Z,scheduled
FLT-00325,SCH-00019,SL103,2025-12-26,LFPG,EGLL,FR-SL001,2025-12-26T14:00:00Z,2025-12-26T15:10:00Z,completed
FLT-00326,SCH-00019,SL103,2025-12-29,LFPG,EGLL,FR-SL002,2025-12-29T14:00:00Z,2025-12-29T15:10:00Z,completed
FLT-00327,SCH-00019,SL103,2025-12-31,LFPG,EGLL,FR-SL003,2025-12-31T14:00:00Z,2025-12-31T15:10:00Z,completed
FLT-00328,SCH-00019,SL103,2026-01-02,LFPG,EGLL,FR-SL004,2026-01-02T14:00:00Z,2026-01-02T15:10:00Z,completed
FLT-00329,SCH-00019,SL103,2026-01-05,LFPG,EGLL,FR-SL001,2026-01-05T14:00:00Z,2026-01-05T15:10:00Z,completed
FLT-00330,SCH-00019,SL103,2026-01-07,LFPG,EGLL,FR-SL002,2026-01-07T14:00:00Z,2026-01-07T15:10:00Z,completed
FLT-00331,SCH-00019,SL103,2026-01-09,LFPG,EGLL,FR-SL003,2026-01-09T14:00:00Z,2026-01-09T15:10:00Z,completed
FLT-00332,SCH-00019,SL103,2026-01-12,LFPG,EGLL,FR-SL004,2026-01-12T14:00:00Z,2026-01-12T15:10:00Z,completed
FLT-00333,SCH-00019,SL103,2026-01-14,LFPG,EGLL,FR-SL001,2026-01-14T14:00:00Z,2026-01-14T15:10:00Z,completed
FLT-00334,SCH-00019,SL103,2026-01-16,LFPG,EGLL,FR-SL002,2026-01-16T14:00:00Z,2026-01-16T15:10:00Z,scheduled
FLT-00335,SCH-00019,SL103,2026-01-19,LFPG,EGLL,FR-SL003,2026-01-19T14:00:00Z,2026-01-19T15:10:00Z,scheduled
FLT-00336,SCH-00019,SL103,2026-01-21,LFPG,EGLL,FR-SL004,2026-01-21T14:00:00Z,2026-01-21T15:10:00Z,scheduled
FLT-00337,SCH-00020,SL104,2025-12-25,EGLL,LFPG,FR-SL001,2025-12-25T18:30:00Z,2025-12-25T19:40:00Z,completed
FLT-00338,SCH-00020,SL104,2025-12-27,EGLL,LFPG,FR-SL002,2025-12-27T18:30:00Z,2025-12-27T19:40:00Z,completed
FLT-00339,SCH-00020,SL104,2025-12-30,EGLL,LFPG,FR-SL003,2025-12-30T18:30:00Z,2025-12-30T19:40:00Z,completed
FLT-00340,SCH-00020,SL104,2026-01-01,EGLL,LFPG,FR-SL004,2026-01-01T18:30:00Z,2026-01-01T19:40:00Z,completed
FLT-00341,SCH-00020,SL104,2026-01-03,EGLL,LFPG,FR-SL001,2026-01-03T18:30:00Z,2026-01-03T19:40:00Z,completed
FLT-00342,SCH-00020,SL104,2026-01-06,EGLL,LFPG,FR-SL002,2026-01-06T18:30:00Z,2026-01-06T19:40:00Z,completed
FLT-00343,SCH-00020,SL104,2026-01-08,EGLL,LFPG,FR-SL003,2026-01-08T18:30:00Z,2026-01-08T19:40:00Z,completed
FLT-00344,SCH-00020,SL104,2026-01-10,EGLL,LFPG,FR-SL004,2026-01-10T18:30:00Z,2026-01-10T19:40:00Z,completed
FLT-00345,SCH-00020,SL104,2026-01-13,EGLL,LFPG,FR-SL001,2026-01-13T18:30:00Z,2026-01-13T19:40:00Z,completed
FLT-00346,SCH-00020,SL104,2026-01-15,EGLL,LFPG,FR-SL002,2026-01-15T18:30:00Z,2026-01-15T19:40:00Z,scheduled
FLT-00347,SCH-00020,SL104,2026-01-17,EGLL,LFPG,FR-SL003,2026-01-17T18:30:00Z,2026-01-17T19:40:00Z,scheduled
FLT-00348,SCH-00020,SL104,2026-01-20,EGLL,LFPG,FR-SL004,2026-01-20T18:30:00Z,2026-01-20T19:40:00Z,scheduled
FLT-00349,SCH-00020,SL104,2026-01-22,EGLL,LFPG,FR-SL001,2026-01-22T18:30:00Z,2026-01-22T19:40:00Z,scheduled
FLT-00350,SCH-00021,SL105,2025-12-25,LFPG,KJFK,FR-SL003,2025-12-25T05:00:00Z,2025-12-25T12:47:00Z,completed
FLT-00351,SCH-00021,SL105,2025-12-26,LFPG,KJFK,FR-SL003,2025-12-26T05:00:00Z,2025-12-26T12:47:00Z,completed
FLT-00352,SCH-00021,SL105,2025-12-27,LFPG,KJFK,FR-SL003,2025-12-27T05:00:00Z,2025-12-27T12:47:00Z,completed
FLT-00353,SCH-00021,SL105,2025-12-28,LFPG,KJFK,FR-SL003,2025-12-28T05:00:00Z,2025-12-28T12:47:00Z,completed
FLT-00354,SCH-00021,SL105,2025-12-29,LFPG,KJFK,FR-SL003,2025-12-29T05:00:00Z,2025-12-29T12:47:00Z,completed
FLT-00355,SCH-00021,SL105,2025-12-30,LFPG,KJFK,FR-SL003,2025-12-30T05:00:00Z,2025-12-30T12:47:00Z,completed
FLT-00356,SCH-00021,SL105,2025-12-31,LFPG,KJFK,FR-SL003,2025-12-31T05:00:00Z,2025-12-31T12:47:00Z,completed
FLT-00357,SCH-00021,SL105,2026-01-01,LFPG,KJFK,FR-SL003,2026-01-01T05:00:00Z,2026-01-01T12:47:00Z,completed
FLT-00358,SCH-00021,SL105,2026-01-02,LFPG,KJFK,FR-SL003,2026-01-02T05:00:00Z,2026-01-02T12:47:00Z,completed
FLT-00359,SCH-00021,SL105,2026-01-03,LFPG,KJFK,FR-SL003,2026-01-03T05:00:00Z,2026-01-03T12:47:00Z,completed
FLT-00360,SCH-00021,SL105,2026-01-04,LFPG,KJFK,FR-SL003,2026-01-04T05:00:00Z,2026-01-04T12:47:00Z,completed
FLT-00361,SCH-00021,SL105,2026-01-05,LFPG,KJFK,FR-SL003,2026-01-05T05:00:00Z,2026-01-05T12:47:00Z,completed
FLT-00362,SCH-00021,SL105,2026-01-06,LFPG,KJFK,FR-SL003,2026-01-06T05:00:00Z,2026-01-06T12:47:00Z,completed
FLT-00363,SCH-00021,SL105,2026-01-07,LFPG,KJFK,FR-SL003,2026-01-07T05:00:00Z,2026-01-07T12:47:00Z,completed
FLT-00364,SCH-00021,SL105,2026-01-08,LFPG,KJFK,FR-SL003,2026-01-08T05:00:00Z,2026-01-08T12:47:00Z,completed
FLT-00365,SCH-00021,SL105,2026-01-09,LFPG,KJFK,FR-SL003,2026-01-09T05:00:00Z,2026-01-09T12:47:00Z,completed
FLT-00366,SCH-00021,SL105,2026-01-10,LFPG,KJFK,FR-SL003,2026-01-10T05:00:00Z,2026-01-10T12:47:00Z,completed
FLT-00367,SCH-00021,SL105,2026-01-11,LFPG,KJFK,FR-SL003,2026-01-11T05:00:00Z,2026-01-11T12:47:00Z,completed
FLT-00368,SCH-00021,SL105,2026-01-12,LFPG,KJFK,FR-SL003,2026-01-12T05:00:00Z,2026-01-12T12:47:00Z,completed
FLT-00369,SCH-00021,SL105,2026-01-13,LFPG,KJFK,FR-SL003,2026-01-13T05:00:00Z,2026-01-13T12:47:00Z,completed
FLT-00370,SCH-00021,SL105,2026-01-14,LFPG,KJFK,FR-SL003,2026-01-14T05:00:00Z,2026-01-14T12:47:00Z,completed
FLT-00371,SCH-00021,SL105,2026-01-15,LFPG,KJFK,FR-SL003,2026-01-15T05:00:00Z,2026-01-15T12:47:00Z,scheduled
FLT-00372,SCH-00021,SL105,2026-01-16,LFPG,KJFK,FR-SL003,2026-01-16T05:00:00Z,2026-01-16T12:47:00Z,scheduled
FLT-00373,SCH-00021,SL105,2026-01-17,LFPG,KJFK,FR-SL003,2026-01-17T05:00:00Z,2026-01-17T12:47:00Z,scheduled
FLT-00374,SCH-00021,SL105,2026-01-18,LFPG,KJFK,FR-SL003,2026-01-18T05:00:00Z,2026-01-18T12:47:00Z,scheduled
FLT-00375,SCH-00021,SL105,2026-01-19,LFPG,KJFK,FR-SL003,2026-01-19T05:00:00Z,2026-01-19T12:47:00Z,scheduled
FLT-00376,SCH-00021,SL105,2026-01-20,LFPG,KJFK,FR-SL003,2026-01-20T05:00:00Z,2026-01-20T12:47:00Z,scheduled
FLT-00377,SCH-00021,SL105,2026-01-21,LFPG,KJFK,FR-SL003,2026-01-21T05:00:00Z,2026-01-21T12:47:00Z,scheduled
FLT-00378,SCH-00021,SL105,2026-01-22,LFPG,KJFK,FR-SL003,2026-01-22T05:00:00Z,2026-01-22T12:47:00Z,scheduled
FLT-00379,SCH-00022,SL106,2025-12-26,KJFK,LFPG,FR-SL003,2025-12-26T14:30:00Z,2025-12-26T22:17:00Z,completed
FLT-00380,SCH-00022,SL106,2025-12-29,KJFK,LFPG,FR-SL003,2025-12-29T14:30:00Z,2025-12-29T22:17:00Z,completed
FLT-00381,SCH-00022,SL106,2025-12-31,KJFK,LFPG,FR-SL003,2025-12-31T14:30:00Z,2025-12-31T22:17:00Z,completed
FLT-00382,SCH-00022,SL106,2026-01-02,KJFK,LFPG,FR-SL003,2026-01-02T14:30:00Z,2026-01-02T22:17:00Z,completed
FLT-00383,SCH-00022,SL106,2026-01-05,KJFK,LFPG,FR-SL003,2026-01-05T14:30:00Z,2026-01-05T22:17:00Z,completed
FLT-00384,SCH-00022,SL106,2026-01-07,KJFK,LFPG,FR-SL003,2026-01-07T14:30:00Z,2026-01-07T22:17:00Z,completed
FLT-00385,SCH-00022,SL106,2026-01-09,KJFK,LFPG,FR-SL003,2026-01-09T14:30:00Z,2026-01-09T22:17:00Z,completed
FLT-00386,SCH-00022,SL106,2026-01-12,KJFK,LFPG,FR-SL003,2026-01-12T14:30:00Z,2026-01-12T22:17:00Z,completed
FLT-00387,SCH-00022,SL106,2026-01-14,KJFK,LFPG,FR-SL003,2026-01-14T14:30:00Z,2026-01-14T22:17:00Z,completed
FLT-00388,SCH-00022,SL106,2026-01-16,KJFK,LFPG,FR-SL003,2026-01-16T14:30:00Z,2026-01-16T22:17:00Z,scheduled
FLT-00389,SCH-00022,SL106,2026-01-19,KJFK,LFPG,FR-SL003,2026-01-19T14:30:00Z,2026-01-19T22:17:00Z,scheduled
FLT-00390,SCH-00022,SL106,2026-01-21,KJFK,LFPG,FR-SL003,2026-01-21T14:30:00Z,2026-01-21T22:17:00Z,scheduled
FLT-00391,SCH-00023,SL107,2025-12-25,LFPG,RJAA,FR-SL001,2025-12-25T11:00:00Z,2025-12-25T22:32:00Z,completed
FLT-00392,SCH-00023,SL107,2025-12-27,LFPG,RJAA,FR-SL002,2025-12-27T11:00:00Z,2025-12-27T22:32:00Z,completed
FLT-00393,SCH-00023,SL107,2025-12-30,LFPG,RJAA,FR-SL003,2025-12-30T11:00:00Z,2025-12-30T22:32:00Z,completed
FLT-00394,SCH-00023,SL107,2026-01-01,LFPG,RJAA,FR-SL004,2026-01-01T11:00:00Z,2026-01-01T22:32:00Z,completed
FLT-00395,SCH-00023,SL107,2026-01-03,LFPG,RJAA,FR-SL001,2026-01-03T11:00:00Z,2026-01-03T22:32:00Z,completed
FLT-00396,SCH-00023,SL107,2026-01-06,LFPG,RJAA,FR-SL002,2026-01-06T11:00:00Z,2026-01-06T22:32:00Z,completed
FLT-00397,SCH-00023,SL107,2026-01-08,LFPG,RJAA,FR-SL003,2026-01-08T11:00:00Z,2026-01-08T22:32:00Z,completed
FLT-00398,SCH-00023,SL107,2026-01-10,LFPG,RJAA,FR-SL004,2026-01-10T11:00:00Z,2026-01-10T22:32:00Z,completed
FLT-00399,SCH-00023,SL107,2026-01-13,LFPG,RJAA,FR-SL001,2026-01-13T11:00:00Z,2026-01-13T22:32:00Z,completed
FLT-00400,SCH-00023,SL107,2026-01-15,LFPG,RJAA,FR-SL002,2026-01-15T11:00:00Z,2026-01-15T22:32:00Z,scheduled
FLT-00401,SCH-00023,SL107,2026-01-17,LFPG,RJAA,FR-SL003,2026-01-17T11:00:00Z,2026-01-17T22:32:00Z,scheduled
FLT-00402,SCH-00023,SL107,2026-01-20,LFPG,RJAA,FR-SL004,2026-01-20T11:00:00Z,2026-01-20T22:32:00Z,scheduled
FLT-00403,SCH-00023,SL107,2026-01-22,LFPG,RJAA,FR-SL001,2026-01-22T11:00:00Z,2026-01-22T22:32:00Z,scheduled
FLT-00404,SCH-00024,SL108,2025-12-25,RJAA,LFPG,FR-SL001,2025-12-25T06:30:00Z,2025-12-25T18:02:00Z,completed
FLT-00405,SCH-00024,SL108,2025-12-26,RJAA,LFPG,FR-SL002,2025-12-26T06:30:00Z,2025-12-26T18:02:00Z,completed
FLT-00406,SCH-00024,SL108,2025-12-27,RJAA,LFPG,FR-SL003,2025-12-27T06:30:00Z,2025-12-27T18:02:00Z,completed
FLT-00407,SCH-00024,SL108,2025-12-28,RJAA,LFPG,FR-SL004,2025-12-28T06:30:00Z,2025-12-28T18:02:00Z,completed
FLT-00408,SCH-00024,SL108,2025-12-29,RJAA,LFPG,FR-SL001,2025-12-29T06:30:00Z,2025-12-29T18:02:00Z,completed
FLT-00409,SCH-00024,SL108,2025-12-30,RJAA,LFPG,FR-SL002,2025-12-30T06:30:00Z,2025-12-30T18:02:00Z,completed
FLT-00410,SCH-00024,SL108,2025-12-31,RJAA,LFPG,FR-SL003,2025-12-31T06:30:00Z,2025-12-31T18:02:00Z,completed
FLT-00411,SCH-00024,SL108,2026-01-01,RJAA,LFPG,FR-SL004,2026-01-01T06:30:00Z,2026-01-01T18:02:00Z,completed
FLT-00412,SCH-00024,SL108,2026-01-02,RJAA,LFPG,FR-SL001,2026-01-02T06:30:00Z,2026-01-02T18:02:00Z,completed
FLT-00413,SCH-00024,SL108,2026-01-03,RJAA,LFPG,FR-SL002,2026-01-03T06:30:00Z,2026-01-03T18:02:00Z,completed
FLT-00414,SCH-00024,SL108,2026-01-04,RJAA,LFPG,FR-SL003,2026-01-04T06:30:00Z,2026-01-04T18:02:00Z,completed
FLT-00415,SCH-00024,SL108,2026-01-05,RJAA,LFPG,FR-SL004,2026-01-05T06:30:00Z,2026-01-05T18:02:00Z,completed
FLT-00416,SCH-00024,SL108,2026-01-06,RJAA,LFPG,FR-SL001,2026-01-06T06:30:00Z,2026-01-06T18:02:00Z,completed
FLT-00417,SCH-00024,SL108,2026-01-07,RJAA,LFPG,FR-SL002,2026-01-07T06:30:00Z,2026-01-07T18:02:00Z,completed
FLT-00418,SCH-00024,SL108,2026-01-08,RJAA,LFPG,FR-SL003,2026-01-08T06:30:00Z,2026-01-08T18:02:00Z,completed
FLT-00419,SCH-00024,SL108,2026-01-09,RJAA,LFPG,FR-SL004,2026-01-09T06:30:00Z,2026-01-09T18:02:00Z,completed
FLT-00420,SCH-00024,SL108,2026-01-10,RJAA,LFPG,FR-SL001,2026-01-10T06:30:00Z,2026-01-10T18:02:00Z,completed
FLT-00421,SCH-00024,SL108,2026-01-11,RJAA,LFPG,FR-SL002,2026-01-11T06:30:00Z,2026-01-11T18:02:00Z,completed
FLT-00422,SCH-00024,SL108,2026-01-12,RJAA,LFPG,FR-SL003,2026-01-12T06:30:00Z,2026-01-12T18:02:00Z,completed
FLT-00423,SCH-00024,SL108,2026-01-13,RJAA,LFPG,FR-SL004,2026-01-13T06:30:00Z,2026-01-13T18:02:00Z,completed
FLT-00424,SCH-00024,SL108,2026-01-14,RJAA,LFPG,FR-SL001,2026-01-14T06:30:00Z,2026-01-14T18:02:00Z,completed
FLT-00425,SCH-00024,SL108,2026-01-15,RJAA,LFPG,FR-SL002,2026-01-15T06:30:00Z,2026-01-15T18:02:00Z,scheduled
FLT-00426,SCH-00024,SL108,2026-01-16,RJAA,LFPG,FR-SL003,2026-01-16T06:30:00Z,2026-01-16T18:02:00Z,scheduled
FLT-00427,SCH-00024,SL108,2026-01-17,RJAA,LFPG,FR-SL004,2026-01-17T06:30:00Z,2026-01-17T18:02:00Z,scheduled
FLT-00428,SCH-00024,SL108,2026-01-18,RJAA,LFPG,FR-SL001,2026-01-18T06:30:00Z,2026-01-18T18:02:00Z,scheduled
FLT-00429,SCH-00024,SL108,2026-01-19,RJAA,LFPG,FR-SL002,2026-01-19T06:30:00Z,2026-01-19T18:02:00Z,scheduled
FLT-00430,SCH-00024,SL108,2026-01-20,RJAA,LFPG,FR-SL003,2026-01-20T06:30:00Z,2026-01-20T18:02:00Z,scheduled
FLT-00431,SCH-00024,SL108,2026-01-21,RJAA,LFPG,FR-SL004,2026-01-21T06:30:00Z,2026-01-21T18:02:00Z,scheduled
FLT-00432,SCH-00024,SL108,2026-01-22,RJAA,LFPG,FR-SL001,2026-01-22T06:30:00Z,2026-01-22T18:02:00Z,scheduled
FLT-00433,SCH-00025,PC101,2025-12-26,WSSS,LIRF,SG-PC001,2025-12-26T10:00:00Z,2025-12-26T21:55:00Z,completed
FLT-00434,SCH-00025,PC101,2025-12-29,WSSS,LIRF,SG-PC002,2025-12-29T10:00:00Z,2025-12-29T21:55:00Z,completed
FLT-00435,SCH-00025,PC101,2025-12-31,WSSS,LIRF,SG-PC003,2025-12-31T10:00:00Z,2025-12-31T21:55:00Z,completed
FLT-00436,SCH-00025,PC101,2026-01-02,WSSS,LIRF,SG-PC004,2026-01-02T10:00:00Z,2026-01-02T21:55:00Z,completed
FLT-00437,SCH-00025,PC101,2026-01-05,WSSS,LIRF,SG-PC001,2026-01-05T10:00:00Z,2026-01-05T21:55:00Z,completed
FLT-00438,SCH-00025,PC101,2026-01-07,WSSS,LIRF,SG-PC002,2026-01-07T10:00:00Z,2026-01-07T21:55:00Z,completed
FLT-00439,SCH-00025,PC101,2026-01-09,WSSS,LIRF,SG-PC003,2026-01-09T10:00:00Z,2026-01-09T21:55:00Z,completed
FLT-00440,SCH-00025,PC101,2026-01-12,WSSS,LIRF,SG-PC004,2026-01-12T10:00:00Z,2026-01-12T21:55:00Z,completed
FLT-00441,SCH-00025,PC101,2026-01-14,WSSS,LIRF,SG-PC001,2026-01-14T10:00:00Z,2026-01-14T21:55:00Z,completed
FLT-00442,SCH-00025,PC101,2026-01-16,WSSS,LIRF,SG-PC002,2026-01-16T10:00:00Z,2026-01-16T21:55:00Z,scheduled
FLT-00443,SCH-00025,PC101,2026-01-19,WSSS,LIRF,SG-PC003,2026-01-19T10:00:00Z,2026-01-19T21:55:00Z,scheduled
FLT-00444,SCH-00025,PC101,2026-01-21,WSSS,LIRF,SG-PC004,2026-01-21T10:00:00Z,2026-01-21T21:55:00Z,scheduled
FLT-00445,SCH-00026,PC102,2025-12-25,LIRF,WSSS,SG-PC001,2025-12-25T05:30:00Z,2025-12-25T17:25:00Z,completed
FLT-00446,SCH-00026,PC102,2025-12-27,LIRF,WSSS,SG-PC002,2025-12-27T05:30:00Z,2025-12-27T17:25:00Z,completed
FLT-00447,SCH-00026,PC102,2025-12-30,LIRF,WSSS,SG-PC003,2025-12-30T05:30:00Z,2025-12-30T17:25:00Z,completed
FLT-00448,SCH-00026,PC102,2026-01-01,LIRF,WSSS,SG-PC004,2026-01-01T05:30:00Z,2026-01-01T17:25:00Z,completed
FLT-00449,SCH-00026,PC102,2026-01-03,LIRF,WSSS,SG-PC001,2026-01-03T05:30:00Z,2026-01-03T17:25:00Z,completed
FLT-00450,SCH-00026,PC102,2026-01-06,LIRF,WSSS,SG-PC002,2026-01-06T05:30:00Z,2026-01-06T17:25:00Z,completed
FLT-00451,SCH-00026,PC102,2026-01-08,LIRF,WSSS,SG-PC003,2026-01-08T05:30:00Z,2026-01-08T17:25:00Z,completed
FLT-00452,SCH-00026,PC102,2026-01-10,LIRF,WSSS,SG-PC004,2026-01-10T05:30:00Z,2026-01-10T17:25:00Z,completed
FLT-00453,SCH-00026,PC102,2026-01-13,LIRF,WSSS,SG-PC001,2026-01-13T05:30:00Z,2026-01-13T17:25:00Z,completed
FLT-00454,SCH-00026,PC102,2026-01-15,LIRF,WSSS,SG-PC002,2026-01-15T05:30:00Z,2026-01-15T17:25:00Z,scheduled
FLT-00455,SCH-00026,PC102,2026-01-17,LIRF,WSSS,SG-PC003,2026-01-17T05:30:00Z,2026-01-17T17:25:00Z,scheduled
FLT-00456,SCH-00026,PC102,2026-01-20,LIRF,WSSS,SG-PC004,2026-01-20T05:30:00Z,2026-01-20T17:25:00Z,scheduled
FLT-00457,SCH-00026,PC102,2026-01-22,LIRF,WSSS,SG-PC001,2026-01-22T05:30:00Z,2026-01-22T17:25:00Z,scheduled
FLT-00458,SCH-00027,PC103,2025-12-25,WSSS,KLAX,SG-PC001,2025-12-25T01:00:00Z,2025-12-25T17:25:00Z,completed
FLT-00459,SCH-00027,PC103,2025-12-26,WSSS,KLAX,SG-PC002,2025-12-26T01:00:00Z,2025-12-26T17:25:00Z,completed
FLT-00460,SCH-00027,PC103,2025-12-27,WSSS,KLAX,SG-PC003,2025-12-27T01:00:00Z,2025-12-27T17:25:00Z,completed
FLT-00461,SCH-00027,PC103,2025-12-28,WSSS,KLAX,SG-PC004,2025-12-28T01:00:00Z,2025-12-28T17:25:00Z,completed
FLT-00462,SCH-00027,PC103,2025-12-29,WSSS,KLAX,SG-PC001,2025-12-29T01:00:00Z,2025-12-29T17:25:00Z,completed
FLT-00463,SCH-00027,PC103,2025-12-30,WSSS,KLAX,SG-PC002,2025-12-30T01:00:00Z,2025-12-30T17:25:00Z,completed
FLT-00464,SCH-00027,PC103,2025-12-31,WSSS,KLAX,SG-PC003,2025-12-31T01:00:00Z,2025-12-31T17:25:00Z,completed
FLT-00465,SCH-00027,PC103,2026-01-01,WSSS,KLAX,SG-PC004,2026-01-01T01:00:00Z,2026-01-01T17:25:00Z,completed
FLT-00466,SCH-00027,PC103,2026-01-02,WSSS,KLAX,SG-PC001,2026-01-02T01:00:00Z,2026-01-02T17:25:00Z,completed
FLT-00467,SCH-00027,PC103,2026-01-03,WSSS,KLAX,SG-PC002,2026-01-03T01:00:00Z,2026-01-03T17:25:00Z,completed
FLT-00468,SCH-00027,PC103,2026-01-04,WSSS,KLAX,SG-PC003,2026-01-04T01:00:00Z,2026-01-04T17:25:00Z,completed
FLT-00469,SCH-00027,PC103,2026-01-05,WSSS,KLAX,SG-PC004,2026-01-05T01:00:00Z,2026-01-05T17:25:00Z,completed
FLT-00470,SCH-00027,PC103,2026-01-06,WSSS,KLAX,SG-PC001,2026-01-06T01:00:00Z,2026-01-06T17:25:00Z,completed
FLT-00471,SCH-00027,PC103,2026-01-07,WSSS,KLAX,SG-PC002,2026-01-07T01:00:00Z,2026-01-07T17:25:00Z,completed
FLT-00472,SCH-00027,PC103,2026-01-08,WSSS,KLAX,SG-PC003,2026-01-08T01:00:00Z,2026-01-08T17:25:00Z,completed
FLT-00473,SCH-00027,PC103,2026-01-09,WSSS,KLAX,SG-PC004,2026-01-09T01:00:00Z,2026-01-09T17:25:00Z,completed
FLT-00474,SCH-00027,PC103,2026-01-10,WSSS,KLAX,SG-PC001,2026-01-10T01:00:00Z,2026-01-10T17:25:00Z,completed
FLT-00475,SCH-00027,PC103,2026-01-11,WSSS,KLAX,SG-PC002,2026-01-11T01:00:00Z,2026-01-11T17:25:00Z,completed
FLT-00476,SCH-00027,PC103,2026-01-12,WSSS,KLAX,SG-PC003,2026-01-12T01:00:00Z,2026-01-12T17:25:00Z,completed
FLT-00477,SCH-00027,PC103,2026-01-13,WSSS,KLAX,SG-PC004,2026-01-13T01:00:00Z,2026-01-13T17:25:00Z,completed
FLT-00478,SCH-00027,PC103,2026-01-14,WSSS,KLAX,SG-PC001,2026-01-14T01:00:00Z,2026-01-14T17:25:00Z,completed
FLT-00479,SCH-00027,PC103,2026-01-15,WSSS,KLAX,SG-PC002,2026-01-15T01:00:00Z,2026-01-15T17:25:00Z,scheduled
FLT-00480,SCH-00027,PC103,2026-01-16,WSSS,KLAX,SG-PC003,2026-01-16T01:00:00Z,2026-01-16T17:25:00Z,scheduled
FLT-00481,SCH-00027,PC103,2026-01-17,WSSS,KLAX,SG-PC004,2026-01-17T01:00:00Z,2026-01-17T17:25:00Z,scheduled
FLT-00482,SCH-00027,PC103,2026-01-18,WSSS,KLAX,SG-PC001,2026-01-18T01:00:00Z,2026-01-18T17:25:00Z,scheduled
FLT-00483,SCH-00027,PC103,2026-01-19,WSSS,KLAX,SG-PC002,2026-01-19T01:00:00Z,2026-01-19T17:25:00Z,scheduled
FLT-00484,SCH-00027,PC103,2026-01-20,WSSS,KLAX,SG-PC003,2026-01-20T01:00:00Z,2026-01-20T17:25:00Z,scheduled
FLT-00485,SCH-00027,PC103,2026-01-21,WSSS,KLAX,SG-PC004,2026-01-21T01:00:00Z,2026-01-21T17:25:00Z,scheduled
FLT-00486,SCH-00027,PC103,2026-01-22,WSSS,KLAX,SG-PC001,2026-01-22T01:00:00Z,2026-01-22T17:25:00Z,scheduled
FLT-00487,SCH-00028,PC104,2025-12-26,KLAX,WSSS,SG-PC001,2025-12-26T20:30:00Z,2025-12-27T12:55:00Z,completed
FLT-00488,SCH-00028,PC104,2025-12-29,KLAX,WSSS,SG-PC002,2025-12-29T20:30:00Z,2025-12-30T12:55:00Z,completed
FLT-00489,SCH-00028,PC104,2025-12-31,KLAX,WSSS,SG-PC003,2025-12-31T20:30:00Z,2026-01-01T12:55:00Z,completed
FLT-00490,SCH-00028,PC104,2026-01-02,KLAX,WSSS,SG-PC004,2026-01-02T20:30:00Z,2026-01-03T12:55:00Z,completed
FLT-00491,SCH-00028,PC104,2026-01-05,KLAX,WSSS,SG-PC001,2026-01-05T20:30:00Z,2026-01-06T12:55:00Z,completed
FLT-00492,SCH-00028,PC104,2026-01-07,KLAX,WSSS,SG-PC002,2026-01-07T20:30:00Z,2026-01-08T12:55:00Z,completed
FLT-00493,SCH-00028,PC104,2026-01-09,KLAX,WSSS,SG-PC003,2026-01-09T20:30:00Z,2026-01-10T12:55:00Z,completed
FLT-00494,SCH-00028,PC104,2026-01-12,KLAX,WSSS,SG-PC004,2026-01-12T20:30:00Z,2026-01-13T12:55:00Z,completed
FLT-00495,SCH-00028,PC104,2026-01-14,KLAX,WSSS,SG-PC001,2026-01-14T20:30:00Z,2026-01-15T12:55:00Z,completed
FLT-00496,SCH-00028,PC104,2026-01-16,KLAX,WSSS,SG-PC002,2026-01-16T20:30:00Z,2026-01-17T12:55:00Z,scheduled
FLT-00497,SCH-00028,PC104,2026-01-19,KLAX,WSSS,SG-PC003,2026-01-19T20:30:00Z,2026-01-20T12:55:00Z,scheduled
FLT-00498,SCH-00028,PC104,2026-01-21,KLAX,WSSS,SG-PC004,2026-01-21T20:30:00Z,2026-01-22T12:55:00Z,scheduled
FLT-00499,SCH-00029,PC105,2025-12-25,WSSS,KATL,SG-PC001,2025-12-25T07:00:00Z,2025-12-26T01:33:00Z,completed
FLT-00500,SCH-00029,PC105,2025-12-27,WSSS,KATL,SG-PC002,2025-12-27T07:00:00Z,2025-12-28T01:33:00Z,completed
FLT-00501,SCH-00029,PC105,2025-12-30,WSSS,KATL,SG-PC003,2025-12-30T07:00:00Z,2025-12-31T01:33:00Z,completed
FLT-00502,SCH-00029,PC105,2026-01-01,WSSS,KATL,SG-PC004,2026-01-01T07:00:00Z,2026-01-02T01:33:00Z,completed
FLT-00503,SCH-00029,PC105,2026-01-03,WSSS,KATL,SG-PC001,2026-01-03T07:00:00Z,2026-01-04T01:33:00Z,completed
FLT-00504,SCH-00029,PC105,2026-01-06,WSSS,KATL,SG-PC002,2026-01-06T07:00:00Z,2026-01-07T01:33:00Z,completed
FLT-00505,SCH-00029,PC105,2026-01-08,WSSS,KATL,SG-PC003,2026-01-08T07:00:00Z,2026-01-09T01:33:00Z,completed
FLT-00506,SCH-00029,PC105,2026-01-10,WSSS,KATL,SG-PC004,2026-01-10T07:00:00Z,2026-01-11T01:33:00Z,completed
FLT-00507,SCH-00029,PC105,2026-01-13,WSSS,KATL,SG-PC001,2026-01-13T07:00:00Z,2026-01-14T01:33:00Z,completed
FLT-00508,SCH-00029,PC105,2026-01-15,WSSS,KATL,SG-PC002,2026-01-15T07:00:00Z,2026-01-16T01:33:00Z,scheduled
FLT-00509,SCH-00029,PC105,2026-01-17,WSSS,KATL,SG-PC003,2026-01-17T07:00:00Z,2026-01-18T01:33:00Z,scheduled
FLT-00510,SCH-00029,PC105,2026-01-20,WSSS,KATL,SG-PC004,2026-01-20T07:00:00Z,2026-01-21T01:33:00Z,scheduled
FLT-00511,SCH-00029,PC105,2026-01-22,WSSS,KATL,SG-PC001,2026-01-22T07:00:00Z,2026-01-23T01:33:00Z,scheduled
FLT-00512,SCH-00030,PC106,2025-12-25,KATL,WSSS,SG-PC001,2025-12-25T23:30:00Z,2025-12-26T18:03:00Z,completed
FLT-00513,SCH-00030,PC106,2025-12-26,KATL,WSSS,SG-PC002,2025-12-26T23:30:00Z,2025-12-27T18:03:00Z,completed
FLT-00514,SCH-00030,PC106,2025-12-27,KATL,WSSS,SG-PC003,2025-12-27T23:30:00Z,2025-12-28T18:03:00Z,completed
FLT-00515,SCH-00030,PC106,2025-12-28,KATL,WSSS,SG-PC004,2025-12-28T23:30:00Z,2025-12-29T18:03:00Z,completed
FLT-00516,SCH-00030,PC106,2025-12-29,KATL,WSSS,SG-PC001,2025-12-29T23:30:00Z,2025-12-30T18:03:00Z,completed
FLT-00517,SCH-00030,PC106,2025-12-30,KATL,WSSS,SG-PC002,2025-12-30T23:30:00Z,2025-12-31T18:03:00Z,completed
FLT-00518,SCH-00030,PC106,2025-12-31,KATL,WSSS,SG-PC003,2025-12-31T23:30:00Z,2026-01-01T18:03:00Z,completed
FLT-00519,SCH-00030,PC106,2026-01-01,KATL,WSSS,SG-PC004,2026-01-01T23:30:00Z,2026-01-02T18:03:00Z,completed
FLT-00520,SCH-00030,PC106,2026-01-02,KATL,WSSS,SG-PC001,2026-01-02T23:30:00Z,2026-01-03T18:03:00Z,completed
FLT-00521,SCH-00030,PC106,2026-01-03,KATL,WSSS,SG-PC002,2026-01-03T23:30:00Z,2026-01-04T18:03:00Z,completed
FLT-00522,SCH-00030,PC106,2026-01-04,KATL,WSSS,SG-PC003,2026-01-04T23:30:00Z,2026-01-05T18:03:00Z,completed
FLT-00523,SCH-00030,PC106,2026-01-05,KATL,WSSS,SG-PC004,2026-01-05T23:30:00Z,2026-01-06T18:03:00Z,completed
FLT-00524,SCH-00030,PC106,2026-01-06,KATL,WSSS,SG-PC001,2026-01-06T23:30:00Z,2026-01-07T18:03:00Z,completed
FLT-00525,SCH-00030,PC106,2026-01-07,KATL,WSSS,SG-PC002,2026-01-07T23:30:00Z,2026-01-08T18:03:00Z,completed
FLT-00526,SCH-00030,PC106,2026-01-08,KATL,WSSS,SG-PC003,2026-01-08T23:30:00Z,2026-01-09T18:03:00Z,completed
FLT-00527,SCH-00030,PC106,2026-01-09,KATL,WSSS,SG-PC004,2026-01-09T23:30:00Z,2026-01-10T18:03:00Z,completed
FLT-00528,SCH-00030,PC106,2026-01-10,KATL,WSSS,SG-PC001,2026-01-10T23:30:00Z,2026-01-11T18:03:00Z,completed
FLT-00529,SCH-00030,PC106,2026-01-11,KATL,WSSS,SG-PC002,2026-01-11T23:30:00Z,2026-01-12T18:03:00Z,completed
FLT-00530,SCH-00030,PC106,2026-01-12,KATL,WSSS,SG-PC003,2026-01-12T23:30:00Z,2026-01-13T18:03:00Z,completed
FLT-00531,SCH-00030,PC106,2026-01-13,KATL,WSSS,SG-PC004,2026-01-13T23:30:00Z,2026-01-14T18:03:00Z,completed
FLT-00532,SCH-00030,PC106,2026-01-14,KATL,WSSS,SG-PC001,2026-01-14T23:30:00Z,2026-01-15T18:03:00Z,completed
FLT-00533,SCH-00030,PC106,2026-01-15,KATL,WSSS,SG-PC002,2026-01-15T23:30:00Z,2026-01-16T18:03:00Z,scheduled
FLT-00534,SCH-00030,PC106,2026-01-16,KATL,WSSS,SG-PC003,2026-01-16T23:30:00Z,2026-01-17T18:03:00Z,scheduled
FLT-00535,SCH-00030,PC106,2026-01-17,KATL,WSSS,SG-PC004,2026-01-17T23:30:00Z,2026-01-18T18:03:00Z,scheduled
FLT-00536,SCH-00030,PC106,2026-01-18,KATL,WSSS,SG-PC001,2026-01-18T23:30:00Z,2026-01-19T18:03:00Z,scheduled
FLT-00537,SCH-00030,PC106,2026-01-19,KATL,WSSS,SG-PC002,2026-01-19T23:30:00Z,2026-01-20T18:03:00Z,scheduled
FLT-00538,SCH-00030,PC106,2026-01-20,KATL,WSSS,SG-PC003,2026-01-20T23:30:00Z,2026-01-21T18:03:00Z,scheduled
FLT-00539,SCH-00030,PC106,2026-01-21,KATL,WSSS,SG-PC004,2026-01-21T23:30:00Z,2026-01-22T18:03:00Z,scheduled
FLT-00540,SCH-00030,PC106,2026-01-22,KATL,WSSS,SG-PC001,2026-01-22T23:30:00Z,2026-01-23T18:03:00Z,scheduled
FLT-00541,SCH-00031,PC107,2025-12-26,WSSS,RJAA,SG-PC002,2025-12-25T22:00:00Z,2025-12-26T05:08:00Z,completed
FLT-00542,SCH-00031,PC107,2025-12-29,WSSS,RJAA,SG-PC002,2025-12-28T22:00:00Z,2025-12-29T05:08:00Z,completed
FLT-00543,SCH-00031,PC107,2025-12-31,WSSS,RJAA,SG-PC002,2025-12-30T22:00:00Z,2025-12-31T05:08:00Z,completed
FLT-00544,SCH-00031,PC107,2026-01-02,WSSS,RJAA,SG-PC002,2026-01-01T22:00:00Z,2026-01-02T05:08:00Z,completed
FLT-00545,SCH-00031,PC107,2026-01-05,WSSS,RJAA,SG-PC002,2026-01-04T22:00:00Z,2026-01-05T05:08:00Z,completed
FLT-00546,SCH-00031,PC107,2026-01-07,WSSS,RJAA,SG-PC002,2026-01-06T22:00:00Z,2026-01-07T05:08:00Z,completed
FLT-00547,SCH-00031,PC107,2026-01-09,WSSS,RJAA,SG-PC002,2026-01-08T22:00:00Z,2026-01-09T05:08:00Z,completed
FLT-00548,SCH-00031,PC107,2026-01-12,WSSS,RJAA,SG-PC002,2026-01-11T22:00:00Z,2026-01-12T05:08:00Z,completed
FLT-00549,SCH-00031,PC107,2026-01-14,WSSS,RJAA,SG-PC002,2026-01-13T22:00:00Z,2026-01-14T05:08:00Z,completed
FLT-00550,SCH-00031,PC107,2026-01-16,WSSS,RJAA,SG-PC002,2026-01-15T22:00:00Z,2026-01-16T05:08:00Z,scheduled
FLT-00551,SCH-00031,PC107,2026-01-19,WSSS,RJAA,SG-PC002,2026-01-18T22:00:00Z,2026-01-19T05:08:00Z,scheduled
FLT-00552,SCH-00031,PC107,2026-01-21,WSSS,RJAA,SG-PC002,2026-01-20T22:00:00Z,2026-01-21T05:08:00Z,scheduled
FLT-00553,SCH-00032,PC108,2025-12-25,RJAA,WSSS,SG-PC002,2025-12-25T00:30:00Z,2025-12-25T07:38:00Z,completed
FLT-00554,SCH-00032,PC108,2025-12-27,RJAA,WSSS,SG-PC002,2025-12-27T00:30:00Z,2025-12-27T07:38:00Z,completed
FLT-00555,SCH-00032,PC108,2025-12-30,RJAA,WSSS,SG-PC002,2025-12-30T00:30:00Z,2025-12-30T07:38:00Z,completed
FLT-00556,SCH-00032,PC108,2026-01-01,RJAA,WSSS,SG-PC002,2026-01-01T00:30:00Z,2026-01-01T07:38:00Z,completed
FLT-00557,SCH-00032,PC108,2026-01-03,RJAA,WSSS,SG-PC002,2026-01-03T00:30:00Z,2026-01-03T07:38:00Z,completed
FLT-00558,SCH-00032,PC108,2026-01-06,RJAA,WSSS,SG-PC002,2026-01-06T00:30:00Z,2026-01-06T07:38:00Z,completed
FLT-00559,SCH-00032,PC108,2026-01-08,RJAA,WSSS,SG-PC002,2026-01-08T00:30:00Z,2026-01-08T07:38:00Z,completed
FLT-00560,SCH-00032,PC108,2026-01-10,RJAA,WSSS,SG-PC002,2026-01-10T00:30:00Z,2026-01-10T07:38:00Z,completed
FLT-00561,SCH-00032,PC108,2026-01-13,RJAA,WSSS,SG-PC002,2026-01-13T00:30:00Z,2026-01-13T07:38:00Z,completed
FLT-00562,SCH-00032,PC108,2026-01-15,RJAA,WSSS,SG-PC002,2026-01-15T00:30:00Z,2026-01-15T07:38:00Z,scheduled
FLT-00563,SCH-00032,PC108,2026-01-17,RJAA,WSSS,SG-PC002,2026-01-17T00:30:00Z,2026-01-17T07:38:00Z,scheduled
FLT-00564,SCH-00032,PC108,2026-01-20,RJAA,WSSS,SG-PC002,2026-01-20T00:30:00Z,2026-01-20T07:38:00Z,scheduled
FLT-00565,SCH-00032,PC108,2026-01-22,RJAA,WSSS,SG-PC002,2026-01-22T00:30:00Z,2026-01-22T07:38:00Z,scheduled
FLT-00566,SCH-00033,DF101,2025-12-25,OMDB,VHHH,AE-DF002,2025-12-25T08:00:00Z,2025-12-25T15:53:00Z,completed
FLT-00567,SCH-00033,DF101,2025-12-26,OMDB,VHHH,AE-DF002,2025-12-26T08:00:00Z,2025-12-26T15:53:00Z,completed
FLT-00568,SCH-00033,DF101,2025-12-27,OMDB,VHHH,AE-DF002,2025-12-27T08:00:00Z,2025-12-27T15:53:00Z,completed
FLT-00569,SCH-00033,DF101,2025-12-28,OMDB,VHHH,AE-DF002,2025-12-28T08:00:00Z,2025-12-28T15:53:00Z,completed
FLT-00570,SCH-00033,DF101,2025-12-29,OMDB,VHHH,AE-DF002,2025-12-29T08:00:00Z,2025-12-29T15:53:00Z,completed
FLT-00571,SCH-00033,DF101,2025-12-30,OMDB,VHHH,AE-DF002,2025-12-30T08:00:00Z,2025-12-30T15:53:00Z,completed
FLT-00572,SCH-00033,DF101,2025-12-31,OMDB,VHHH,AE-DF002,2025-12-31T08:00:00Z,2025-12-31T15:53:00Z,completed
FLT-00573,SCH-00033,DF101,2026-01-01,OMDB,VHHH,AE-DF002,2026-01-01T08:00:00Z,2026-01-01T15:53:00Z,completed
FLT-00574,SCH-00033,DF101,2026-01-02,OMDB,VHHH,AE-DF002,2026-01-02T08:00:00Z,2026-01-02T15:53:00Z,completed
FLT-00575,SCH-00033,DF101,2026-01-03,OMDB,VHHH,AE-DF002,2026-01-03T08:00:00Z,2026-01-03T15:53:00Z,completed
FLT-00576,SCH-00033,DF101,2026-01-04,OMDB,VHHH,AE-DF002,2026-01-04T08:00:00Z,2026-01-04T15:53:00Z,completed
FLT-00577,SCH-00033,DF101,2026-01-05,OMDB,VHHH,AE-DF002,2026-01-05T08:00:00Z,2026-01-05T15:53:00Z,completed
FLT-00578,SCH-00033,DF101,2026-01-06,OMDB,VHHH,AE-DF002,2026-01-06T08:00:00Z,2026-01-06T15:53:00Z,completed
FLT-00579,SCH-00033,DF101,2026-01-07,OMDB,VHHH,AE-DF002,2026-01-07T08:00:00Z,2026-01-07T15:53:00Z,completed
FLT-00580,SCH-00033,DF101,2026-01-08,OMDB,VHHH,AE-DF002,2026-01-08T08:00:00Z,2026-01-08T15:53:00Z,completed
FLT-00581,SCH-00033,DF101,2026-01-09,OMDB,VHHH,AE-DF002,2026-01-09T08:00:00Z,2026-01-09T15:53:00Z,completed
FLT-00582,SCH-00033,DF101,2026-01-10,OMDB,VHHH,AE-DF002,2026-01-10T08:00:00Z,2026-01-10T15:53:00Z,completed
FLT-00583,SCH-00033,DF101,2026-01-11,OMDB,VHHH,AE-DF002,2026-01-11T08:00:00Z,2026-01-11T15:53:00Z,completed
FLT-00584,SCH-00033,DF101,2026-01-12,OMDB,VHHH,AE-DF002,2026-01-12T08:00:00Z,2026-01-12T15:53:00Z,completed
FLT-00585,SCH-00033,DF101,2026-01-13,OMDB,VHHH,AE-DF002,2026-01-13T08:00:00Z,2026-01-13T15:53:00Z,completed
FLT-00586,SCH-00033,DF101,2026-01-14,OMDB,VHHH,AE-DF002,2026-01-14T08:00:00Z,2026-01-14T15:53:00Z,completed
FLT-00587,SCH-00033,DF101,2026-01-15,OMDB,VHHH,AE-DF002,2026-01-15T08:00:00Z,2026-01-15T15:53:00Z,scheduled
FLT-00588,SCH-00033,DF101,2026-01-16,OMDB,VHHH,AE-DF002,2026-01-16T08:00:00Z,2026-01-16T15:53:00Z,scheduled
FLT-00589,SCH-00033,DF101,2026-01-17,OMDB,VHHH,AE-DF002,2026-01-17T08:00:00Z,2026-01-17T15:53:00Z,scheduled
FLT-00590,SCH-00033,DF101,2026-01-18,OMDB,VHHH,AE-DF002,2026-01-18T08:00:00Z,2026-01-18T15:53:00Z,scheduled
FLT-00591,SCH-00033,DF101,2026-01-19,OMDB,VHHH,AE-DF002,2026-01-19T08:00:00Z,2026-01-19T15:53:00Z,scheduled
FLT-00592,SCH-00033,DF101,2026-01-20,OMDB,VHHH,AE-DF002,2026-01-20T08:00:00Z,2026-01-20T15:53:00Z,scheduled
FLT-00593,SCH-00033,DF101,2026-01-21,OMDB,VHHH,AE-DF002,2026-01-21T08:00:00Z,2026-01-21T15:53:00Z,scheduled
FLT-00594,SCH-00033,DF101,2026-01-22,OMDB,VHHH,AE-DF002,2026-01-22T08:00:00Z,2026-01-22T15:53:00Z,scheduled
FLT-00595,SCH-00034,DF102,2025-12-26,VHHH,OMDB,AE-DF002,2025-12-26T07:30:00Z,2025-12-26T15:23:00Z,completed
FLT-00596,SCH-00034,DF102,2025-12-29,VHHH,OMDB,AE-DF002,2025-12-29T07:30:00Z,2025-12-29T15:23:00Z,completed
FLT-00597,SCH-00034,DF102,2025-12-31,VHHH,OMDB,AE-DF002,2025-12-31T07:30:00Z,2025-12-31T15:23:00Z,completed
FLT-00598,SCH-00034,DF102,2026-01-02,VHHH,OMDB,AE-DF002,2026-01-02T07:30:00Z,2026-01-02T15:23:00Z,completed
FLT-00599,SCH-00034,DF102,2026-01-05,VHHH,OMDB,AE-DF002,2026-01-05T07:30:00Z,2026-01-05T15:23:00Z,completed
FLT-00600,SCH-00034,DF102,2026-01-07,VHHH,OMDB,AE-DF002,2026-01-07T07:30:00Z,2026-01-07T15:23:00Z,completed
FLT-00601,SCH-00034,DF102,2026-01-09,VHHH,OMDB,AE-DF002,2026-01-09T07:30:00Z,2026-01-09T15:23:00Z,completed
FLT-00602,SCH-00034,DF102,2026-01-12,VHHH,OMDB,AE-DF002,2026-01-12T07:30:00Z,2026-01-12T15:23:00Z,completed
FLT-00603,SCH-00034,DF102,2026-01-14,VHHH,OMDB,AE-DF002,2026-01-14T07:30:00Z,2026-01-14T15:23:00Z,completed
FLT-00604,SCH-00034,DF102,2026-01-16,VHHH,OMDB,AE-DF002,2026-01-16T07:30:00Z,2026-01-16T15:23:00Z,scheduled
FLT-00605,SCH-00034,DF102,2026-01-19,VHHH,OMDB,AE-DF002,2026-01-19T07:30:00Z,2026-01-19T15:23:00Z,scheduled
FLT-00606,SCH-00034,DF102,2026-01-21,VHHH,OMDB,AE-DF002,2026-01-21T07:30:00Z,2026-01-21T15:23:00Z,scheduled
FLT-00607,SCH-00035,DF103,2025-12-25,OMDB,YSSY,AE-DF001,2025-12-25T14:00:00Z,2025-12-26T04:08:00Z,completed
FLT-00608,SCH-00035,DF103,2025-12-27,OMDB,YSSY,AE-DF002,2025-12-27T14:00:00Z,2025-12-28T04:08:00Z,completed
FLT-00609,SCH-00035,DF103,2025-12-30,OMDB,YSSY,AE-DF003,2025-12-30T14:00:00Z,2025-12-31T04:08:00Z,completed
FLT-00610,SCH-00035,DF103,2026-01-01,OMDB,YSSY,AE-DF004,2026-01-01T14:00:00Z,2026-01-02T04:08:00Z,completed
FLT-00611,SCH-00035,DF103,2026-01-03,OMDB,YSSY,AE-DF001,2026-01-03T14:00:00Z,2026-01-04T04:08:00Z,completed
FLT-00612,SCH-00035,DF103,2026-01-06,OMDB,YSSY,AE-DF002,2026-01-06T14:00:00Z,2026-01-07T04:08:00Z,completed
FLT-00613,SCH-00035,DF103,2026-01-08,OMDB,YSSY,AE-DF003,2026-01-08T14:00:00Z,2026-01-09T04:08:00Z,completed
FLT-00614,SCH-00035,DF103,2026-01-10,OMDB,YSSY,AE-DF004,2026-01-10T14:00:00Z,2026-01-11T04:08:00Z,completed
FLT-00615,SCH-00035,DF103,2026-01-13,OMDB,YSSY,AE-DF001,2026-01-13T14:00:00Z,2026-01-14T04:08:00Z,completed
FLT-00616,SCH-00035,DF103,2026-01-15,OMDB,YSSY,AE-DF002,2026-01-15T14:00:00Z,2026-01-16T04:08:00Z,scheduled
FLT-00617,SCH-00035,DF103,2026-01-17,OMDB,YSSY,AE-DF003,2026-01-17T14:00:00Z,2026-01-18T04:08:00Z,scheduled
FLT-00618,SCH-00035,DF103,2026-01-20,OMDB,YSSY,AE-DF004,2026-01-20T14:00:00Z,2026-01-21T04:08:00Z,scheduled
FLT-00619,SCH-00035,DF103,2026-01-22,OMDB,YSSY,AE-DF001,2026-01-22T14:00:00Z,2026-01-23T04:08:00Z,scheduled
FLT-00620,SCH-00036,DF104,2025-12-25,YSSY,OMDB,AE-DF001,2025-12-24T20:30:00Z,2025-12-25T10:38:00Z,completed
FLT-00621,SCH-00036,DF104,2025-12-26,YSSY,OMDB,AE-DF002,2025-12-25T20:30:00Z,2025-12-26T10:38:00Z,completed
FLT-00622,SCH-00036,DF104,2025-12-27,YSSY,OMDB,AE-DF003,2025-12-26T20:30:00Z,2025-12-27T10:38:00Z,completed
FLT-00623,SCH-00036,DF104,2025-12-28,YSSY,OMDB,AE-DF004,2025-12-27T20:30:00Z,2025-12-28T10:38:00Z,completed
FLT-00624,SCH-00036,DF104,2025-12-29,YSSY,OMDB,AE-DF001,2025-12-28T20:30:00Z,2025-12-29T10:38:00Z,completed
FLT-00625,SCH-00036,DF104,2025-12-30,YSSY,OMDB,AE-DF002,2025-12-29T20:30:00Z,2025-12-30T10:38:00Z,completed
FLT-00626,SCH-00036,DF104,2025-12-31,YSSY,OMDB,AE-DF003,2025-12-30T20:30:00Z,2025-12-31T10:38:00Z,completed
FLT-00627,SCH-00036,DF104,2026-01-01,YSSY,OMDB,AE-DF004,2025-12-31T20:30:00Z,2026-01-01T10:38:00Z,completed
FLT-00628,SCH-00036,DF104,2026-01-02,YSSY,OMDB,AE-DF001,2026-01-01T20:30:00Z,2026-01-02T10:38:00Z,completed
FLT-00629,SCH-00036,DF104,2026-01-03,YSSY,OMDB,AE-DF002,2026-01-02T20:30:00Z,2026-01-03T10:38:00Z,completed
FLT-00630,SCH-00036,DF104,2026-01-04,YSSY,OMDB,AE-DF003,2026-01-03T20:30:00Z,2026-01-04T10:38:00Z,completed
FLT-00631,SCH-00036,DF104,2026-01-05,YSSY,OMDB,AE-DF004,2026-01-04T20:30:00Z,2026-01-05T10:38:00Z,completed
FLT-00632,SCH-00036,DF104,2026-01-06,YSSY,OMDB,AE-DF001,2026-01-05T20:30:00Z,2026-01-06T10:38:00Z,completed
FLT-00633,SCH-00036,DF104,2026-01-07,YSSY,OMDB,AE-DF002,2026-01-06T20:30:00Z,2026-01-07T10:38:00Z,completed
FLT-00634,SCH-00036,DF104,2026-01-08,YSSY,OMDB,AE-DF003,2026-01-07T20:30:00Z,2026-01-08T10:38:00Z,completed
FLT-00635,SCH-00036,DF104,2026-01-09,YSSY,OMDB,AE-DF004,2026-01-08T20:30:00Z,2026-01-09T10:38:00Z,completed
FLT-00636,SCH-00036,DF104,2026-01-10,YSSY,OMDB,AE-DF001,2026-01-09T20:30:00Z,2026-01-10T10:38:00Z,completed
FLT-00637,SCH-00036,DF104,2026-01-11,YSSY,OMDB,AE-DF002,2026-01-10T20:30:00Z,2026-01-11T10:38:00Z,completed
FLT-00638,SCH-00036,DF104,2026-01-12,YSSY,OMDB,AE-DF003,2026-01-11T20:30:00Z,2026-01-12T10:38:00Z,completed
FLT-00639,SCH-00036,DF104,2026-01-13,YSSY,OMDB,AE-DF004,2026-01-12T20:30:00Z,2026-01-13T10:38:00Z,completed
FLT-00640,SCH-00036,DF104,2026-01-14,YSSY,OMDB,AE-DF001,2026-01-13T20:30:00Z,2026-01-14T10:38:00Z,completed
FLT-00641,SCH-00036,DF104,2026-01-15,YSSY,OMDB,AE-DF002,2026-01-14T20:30:00Z,2026-01-15T10:38:00Z,scheduled
FLT-00642,SCH-00036,DF104,2026-01-16,YSSY,OMDB,AE-DF003,2026-01-15T20:30:00Z,2026-01-16T10:38:00Z,scheduled
FLT-00643,SCH-00036,DF104,2026-01-17,YSSY,OMDB,AE-DF004,2026-01-16T20:30:00Z,2026-01-17T10:38:00Z,scheduled
FLT-00644,SCH-00036,DF104,2026-01-18,YSSY,OMDB,AE-DF001,2026-01-17T20:30:00Z,2026-01-18T10:38:00Z,scheduled
FLT-00645,SCH-00036,DF104,2026-01-19,YSSY,OMDB,AE-DF002,2026-01-18T20:30:00Z,2026-01-19T10:38:00Z,scheduled
FLT-00646,SCH-00036,DF104,2026-01-20,YSSY,OMDB,AE-DF003,2026-01-19T20:30:00Z,2026-01-20T10:38:00Z,scheduled
FLT-00647,SCH-00036,DF104,2026-01-21,YSSY,OMDB,AE-DF004,2026-01-20T20:30:00Z,2026-01-21T10:38:00Z,scheduled
FLT-00648,SCH-00036,DF104,2026-01-22,YSSY,OMDB,AE-DF001,2026-01-21T20:30:00Z,2026-01-22T10:38:00Z,scheduled
FLT-00649,SCH-00037,DF105,2025-12-26,OMDB,LEMD,AE-DF002,2025-12-26T05:00:00Z,2025-12-26T12:33:00Z,completed
FLT-00650,SCH-00037,DF105,2025-12-29,OMDB,LEMD,AE-DF002,2025-12-29T05:00:00Z,2025-12-29T12:33:00Z,completed
FLT-00651,SCH-00037,DF105,2025-12-31,OMDB,LEMD,AE-DF002,2025-12-31T05:00:00Z,2025-12-31T12:33:00Z,completed
FLT-00652,SCH-00037,DF105,2026-01-02,OMDB,LEMD,AE-DF002,2026-01-02T05:00:00Z,2026-01-02T12:33:00Z,completed
FLT-00653,SCH-00037,DF105,2026-01-05,OMDB,LEMD,AE-DF002,2026-01-05T05:00:00Z,2026-01-05T12:33:00Z,completed
FLT-00654,SCH-00037,DF105,2026-01-07,OMDB,LEMD,AE-DF002,2026-01-07T05:00:00Z,2026-01-07T12:33:00Z,completed
FLT-00655,SCH-00037,DF105,2026-01-09,OMDB,LEMD,AE-DF002,2026-01-09T05:00:00Z,2026-01-09T12:33:00Z,completed
FLT-00656,SCH-00037,DF105,2026-01-12,OMDB,LEMD,AE-DF002,2026-01-12T05:00:00Z,2026-01-12T12:33:00Z,completed
FLT-00657,SCH-00037,DF105,2026-01-14,OMDB,LEMD,AE-DF002,2026-01-14T05:00:00Z,2026-01-14T12:33:00Z,completed
FLT-00658,SCH-00037,DF105,2026-01-16,OMDB,LEMD,AE-DF002,2026-01-16T05:00:00Z,2026-01-16T12:33:00Z,scheduled
FLT-00659,SCH-00037,DF105,2026-01-19,OMDB,LEMD,AE-DF002,2026-01-19T05:00:00Z,2026-01-19T12:33:00Z,scheduled
FLT-00660,SCH-00037,DF105,2026-01-21,OMDB,LEMD,AE-DF002,2026-01-21T05:00:00Z,2026-01-21T12:33:00Z,scheduled
FLT-00661,SCH-00038,DF106,2025-12-25,LEMD,OMDB,AE-DF002,2025-12-25T11:30:00Z,2025-12-25T19:03:00Z,completed
FLT-00662,SCH-00038,DF106,2025-12-27,LEMD,OMDB,AE-DF002,2025-12-27T11:30:00Z,2025-12-27T19:03:00Z,completed
FLT-00663,SCH-00038,DF106,2025-12-30,LEMD,OMDB,AE-DF002,2025-12-30T11:30:00Z,2025-12-30T19:03:00Z,completed
FLT-00664,SCH-00038,DF106,2026-01-01,LEMD,OMDB,AE-DF002,2026-01-01T11:30:00Z,2026-01-01T19:03:00Z,completed
FLT-00665,SCH-00038,DF106,2026-01-03,LEMD,OMDB,AE-DF002,2026-01-03T11:30:00Z,2026-01-03T19:03:00Z,completed
FLT-00666,SCH-00038,DF106,2026-01-06,LEMD,OMDB,AE-DF002,2026-01-06T11:30:00Z,2026-01-06T19:03:00Z,completed
FLT-00667,SCH-00038,DF106,2026-01-08,LEMD,OMDB,AE-DF002,2026-01-08T11:30:00Z,2026-01-08T19:03:00Z,completed
FLT-00668,SCH-00038,DF106,2026-01-10,LEMD,OMDB,AE-DF002,2026-01-10T11:30:00Z,2026-01-10T19:03:00Z,completed
FLT-00669,SCH-00038,DF106,2026-01-13,LEMD,OMDB,AE-DF002,2026-01-13T11:30:00Z,2026-01-13T19:03:00Z,completed
FLT-00670,SCH-00038,DF106,2026-01-15,LEMD,OMDB,AE-DF002,2026-01-15T11:30:00Z,2026-01-15T19:03:00Z,scheduled
FLT-00671,SCH-00038,DF106,2026-01-17,LEMD,OMDB,AE-DF002,2026-01-17T11:30:00Z,2026-01-17T19:03:00Z,scheduled
FLT-00672,SCH-00038,DF106,2026-01-20,LEMD,OMDB,AE-DF002,2026-01-20T11:30:00Z,2026-01-20T19:03:00Z,scheduled
FLT-00673,SCH-00038,DF106,2026-01-22,LEMD,OMDB,AE-DF002,2026-01-22T11:30:00Z,2026-01-22T19:03:00Z,scheduled
FLT-00674,SCH-00039,DF107,2025-12-25,OMDB,KATL,AE-DF001,2025-12-25T11:00:00Z,2025-12-26T01:19:00Z,completed
FLT-00675,SCH-00039,DF107,2025-12-26,OMDB,KATL,AE-DF002,2025-12-26T11:00:00Z,2025-12-27T01:19:00Z,completed
FLT-00676,SCH-00039,DF107,2025-12-27,OMDB,KATL,AE-DF003,2025-12-27T11:00:00Z,2025-12-28T01:19:00Z,completed
FLT-00677,SCH-00039,DF107,2025-12-28,OMDB,KATL,AE-DF004,2025-12-28T11:00:00Z,2025-12-29T01:19:00Z,completed
FLT-00678,SCH-00039,DF107,2025-12-29,OMDB,KATL,AE-DF001,2025-12-29T11:00:00Z,2025-12-30T01:19:00Z,completed
FLT-00679,SCH-00039,DF107,2025-12-30,OMDB,KATL,AE-DF002,2025-12-30T11:00:00Z,2025-12-31T01:19:00Z,completed
FLT-00680,SCH-00039,DF107,2025-12-31,OMDB,KATL,AE-DF003,2025-12-31T11:00:00Z,2026-01-01T01:19:00Z,completed
FLT-00681,SCH-00039,DF107,2026-01-01,OMDB,KATL,AE-DF004,2026-01-01T11:00:00Z,2026-01-02T01:19:00Z,completed
FLT-00682,SCH-00039,DF107,2026-01-02,OMDB,KATL,AE-DF001,2026-01-02T11:00:00Z,2026-01-03T01:19:00Z,completed
FLT-00683,SCH-00039,DF107,2026-01-03,OMDB,KATL,AE-DF002,2026-01-03T11:00:00Z,2026-01-04T01:19:00Z,completed
FLT-00684,SCH-00039,DF107,2026-01-04,OMDB,KATL,AE-DF003,2026-01-04T11:00:00Z,2026-01-05T01:19:00Z,completed
FLT-00685,SCH-00039,DF107,2026-01-05,OMDB,KATL,AE-DF004,2026-01-05T11:00:00Z,2026-01-06T01:19:00Z,completed
FLT-00686,SCH-00039,DF107,2026-01-06,OMDB,KATL,AE-DF001,2026-01-06T11:00:00Z,2026-01-07T01:19:00Z,completed
FLT-00687,SCH-00039,DF107,2026-01-07,OMDB,KATL,AE-DF002,2026-01-07T11:00:00Z,2026-01-08T01:19:00Z,completed
FLT-00688,SCH-00039,DF107,2026-01-08,OMDB,KATL,AE-DF003,2026-01-08T11:00:00Z,2026-01-09T01:19:00Z,completed
FLT-00689,SCH-00039,DF107,2026-01-09,OMDB,KATL,AE-DF004,2026-01-09T11:00:00Z,2026-01-10T01:19:00Z,completed
FLT-00690,SCH-00039,DF107,2026-01-10,OMDB,KATL,AE-DF001,2026-01-10T11:00:00Z,2026-01-11T01:19:00Z,completed
FLT-00691,SCH-00039,DF107,2026-01-11,OMDB,KATL,AE-DF002,2026-01-11T11:00:00Z,2026-01-12T01:19:00Z,completed
FLT-00692,SCH-00039,DF107,2026-01-12,OMDB,KATL,AE-DF003,2026-01-12T11:00:00Z,2026-01-13T01:19:00Z,completed
FLT-00693,SCH-00039,DF107,2026-01-13,OMDB,KATL,AE-DF004,2026-01-13T11:00:00Z,2026-01-14T01:19:00Z,completed
FLT-00694,SCH-00039,DF107,2026-01-14,OMDB,KATL,AE-DF001,2026-01-14T11:00:00Z,2026-01-15T01:19:00Z,completed
FLT-00695,SCH-00039,DF107,2026-01-15,OMDB,KATL,AE-DF002,2026-01-15T11:00:00Z,2026-01-16T01:19:00Z,scheduled
FLT-00696,SCH-00039,DF107,2026-01-16,OMDB,KATL,AE-DF003,2026-01-16T11:00:00Z,2026-01-17T01:19:00Z,scheduled
FLT-00697,SCH-00039,DF107,2026-01-17,OMDB,KATL,AE-DF004,2026-01-17T11:00:00Z,2026-01-18T01:19:00Z,scheduled
FLT-00698,SCH-00039,DF107,2026-01-18,OMDB,KATL,AE-DF001,2026-01-18T11:00:00Z,2026-01-19T01:19:00Z,scheduled
FLT-00699,SCH-00039,DF107,2026-01-19,OMDB,KATL,AE-DF002,2026-01-19T11:00:00Z,2026-01-20T01:19:00Z,scheduled
FLT-00700,SCH-00039,DF107,2026-01-20,OMDB,KATL,AE-DF003,2026-01-20T11:00:00Z,2026-01-21T01:19:00Z,scheduled
FLT-00701,SCH-00039,DF107,2026-01-21,OMDB,KATL,AE-DF004,2026-01-21T11:00:00Z,2026-01-22T01:19:00Z,scheduled
FLT-00702,SCH-00039,DF107,2026-01-22,OMDB,KATL,AE-DF001,2026-01-22T11:00:00Z,2026-01-23T01:19:00Z,scheduled
FLT-00703,SCH-00040,DF108,2025-12-26,KATL,OMDB,AE-DF001,2025-12-26T23:30:00Z,2025-12-27T13:49:00Z,completed
FLT-00704,SCH-00040,DF108,2025-12-29,KATL,OMDB,AE-DF002,2025-12-29T23:30:00Z,2025-12-30T13:49:00Z,completed
FLT-00705,SCH-00040,DF108,2025-12-31,KATL,OMDB,AE-DF003,2025-12-31T23:30:00Z,2026-01-01T13:49:00Z,completed
FLT-00706,SCH-00040,DF108,2026-01-02,KATL,OMDB,AE-DF004,2026-01-02T23:30:00Z,2026-01-03T13:49:00Z,completed
FLT-00707,SCH-00040,DF108,2026-01-05,KATL,OMDB,AE-DF001,2026-01-05T23:30:00Z,2026-01-06T13:49:00Z,completed
FLT-00708,SCH-00040,DF108,2026-01-07,KATL,OMDB,AE-DF002,2026-01-07T23:30:00Z,2026-01-08T13:49:00Z,completed
FLT-00709,SCH-00040,DF108,2026-01-09,KATL,OMDB,AE-DF003,2026-01-09T23:30:00Z,2026-01-10T13:49:00Z,completed
FLT-00710,SCH-00040,DF108,2026-01-12,KATL,OMDB,AE-DF004,2026-01-12T23:30:00Z,2026-01-13T13:49:00Z,completed
FLT-00711,SCH-00040,DF108,2026-01-14,KATL,OMDB,AE-DF001,2026-01-14T23:30:00Z,2026-01-15T13:49:00Z,completed
FLT-00712,SCH-00040,DF108,2026-01-16,KATL,OMDB,AE-DF002,2026-01-16T23:30:00Z,2026-01-17T13:49:00Z,scheduled
FLT-00713,SCH-00040,DF108,2026-01-19,KATL,OMDB,AE-DF003,2026-01-19T23:30:00Z,2026-01-20T13:49:00Z,scheduled
FLT-00714,SCH-00040,DF108,2026-01-21,KATL,OMDB,AE-DF004,2026-01-21T23:30:00Z,2026-01-22T13:49:00Z,scheduled
FLT-00715,SCH-00041,SX101,2025-12-25,YSSY,KORD,AU-SX001,2025-12-24T20:00:00Z,2025-12-25T13:16:00Z,completed
FLT-00716,SCH-00041,SX101,2025-12-27,YSSY,KORD,AU-SX002,2025-12-26T20:00:00Z,2025-12-27T13:16:00Z,completed
FLT-00717,SCH-00041,SX101,2025-12-30,YSSY,KORD,AU-SX003,2025-12-29T20:00:00Z,2025-12-30T13:16:00Z,completed
FLT-00718,SCH-00041,SX101,2026-01-01,YSSY,KORD,AU-SX004,2025-12-31T20:00:00Z,2026-01-01T13:16:00Z,completed
FLT-00719,SCH-00041,SX101,2026-01-03,YSSY,KORD,AU-SX001,2026-01-02T20:00:00Z,2026-01-03T13:16:00Z,completed
FLT-00720,SCH-00041,SX101,2026-01-06,YSSY,KORD,AU-SX002,2026-01-05T20:00:00Z,2026-01-06T13:16:00Z,completed
FLT-00721,SCH-00041,SX101,2026-01-08,YSSY,KORD,AU-SX003,2026-01-07T20:00:00Z,2026-01-08T13:16:00Z,completed
FLT-00722,SCH-00041,SX101,2026-01-10,YSSY,KORD,AU-SX004,2026-01-09T20:00:00Z,2026-01-10T13:16:00Z,completed
FLT-00723,SCH-00041,SX101,2026-01-13,YSSY,KORD,AU-SX001,2026-01-12T20:00:00Z,2026-01-13T13:16:00Z,completed
FLT-00724,SCH-00041,SX101,2026-01-15,YSSY,KORD,AU-SX002,2026-01-14T20:00:00Z,2026-01-15T13:16:00Z,scheduled
FLT-00725,SCH-00041,SX101,2026-01-17,YSSY,KORD,AU-SX003,2026-01-16T20:00:00Z,2026-01-17T13:16:00Z,scheduled
FLT-00726,SCH-00041,SX101,2026-01-20,YSSY,KORD,AU-SX004,2026-01-19T20:00:00Z,2026-01-20T13:16:00Z,scheduled
FLT-00727,SCH-00041,SX101,2026-01-22,YSSY,KORD,AU-SX001,2026-01-21T20:00:00Z,2026-01-22T13:16:00Z,scheduled
FLT-00728,SCH-00042,SX102,2025-12-25,KORD,YSSY,AU-SX001,2025-12-25T15:30:00Z,2025-12-26T08:46:00Z,completed
FLT-00729,SCH-00042,SX102,2025-12-26,KORD,YSSY,AU-SX002,2025-12-26T15:30:00Z,2025-12-27T08:46:00Z,completed
FLT-00730,SCH-00042,SX102,2025-12-27,KORD,YSSY,AU-SX003,2025-12-27T15:30:00Z,2025-12-28T08:46:00Z,completed
FLT-00731,SCH-00042,SX102,2025-12-28,KORD,YSSY,AU-SX004,2025-12-28T15:30:00Z,2025-12-29T08:46:00Z,completed
FLT-00732,SCH-00042,SX102,2025-12-29,KORD,YSSY,AU-SX001,2025-12-29T15:30:00Z,2025-12-30T08:46:00Z,completed
FLT-00733,SCH-00042,SX102,2025-12-30,KORD,YSSY,AU-SX002,2025-12-30T15:30:00Z,2025-12-31T08:46:00Z,completed
FLT-00734,SCH-00042,SX102,2025-12-31,KORD,YSSY,AU-SX003,2025-12-31T15:30:00Z,2026-01-01T08:46:00Z,completed
FLT-00735,SCH-00042,SX102,2026-01-01,KORD,YSSY,AU-SX004,2026-01-01T15:30:00Z,2026-01-02T08:46:00Z,completed
FLT-00736,SCH-00042,SX102,2026-01-02,KORD,YSSY,AU-SX001,2026-01-02T15:30:00Z,2026-01-03T08:46:00Z,completed
FLT-00737,SCH-00042,SX102,2026-01-03,KORD,YSSY,AU-SX002,2026-01-03T15:30:00Z,2026-01-04T08:46:00Z,completed
FLT-00738,SCH-00042,SX102,2026-01-04,KORD,YSSY,AU-SX003,2026-01-04T15:30:00Z,2026-01-05T08:46:00Z,completed
FLT-00739,SCH-00042,SX102,2026-01-05,KORD,YSSY,AU-SX004,2026-01-05T15:30:00Z,2026-01-06T08:46:00Z,completed
FLT-00740,SCH-00042,SX102,2026-01-06,KORD,YSSY,AU-SX001,2026-01-06T15:30:00Z,2026-01-07T08:46:00Z,completed
FLT-00741,SCH-00042,SX102,2026-01-07,KORD,YSSY,AU-SX002,2026-01-07T15:30:00Z,2026-01-08T08:46:00Z,completed
FLT-00742,SCH-00042,SX102,2026-01-08,KORD,YSSY,AU-SX003,2026-01-08T15:30:00Z,2026-01-09T08:46:00Z,completed
FLT-00743,SCH-00042,SX102,2026-01-09,KORD,YSSY,AU-SX004,2026-01-09T15:30:00Z,2026-01-10T08:46:00Z,completed
FLT-00744,SCH-00042,SX102,2026-01-10,KORD,YSSY,AU-SX001,2026-01-10T15:30:00Z,2026-01-11T08:46:00Z,completed
FLT-00745,SCH-00042,SX102,2026-01-11,KORD,YSSY,AU-SX002,2026-01-11T15:30:00Z,2026-01-12T08:46:00Z,completed
FLT-00746,SCH-00042,SX102,2026-01-12,KORD,YSSY,AU-SX003,2026-01-12T15:30:00Z,2026-01-13T08:46:00Z,completed
FLT-00747,SCH-00042,SX102,2026-01-13,KORD,YSSY,AU-SX004,2026-01-13T15:30:00Z,2026-01-14T08:46:00Z,completed
FLT-00748,SCH-00042,SX102,2026-01-14,KORD,YSSY,AU-SX001,2026-01-14T15:30:00Z,2026-01-15T08:46:00Z,completed
FLT-00749,SCH-00042,SX102,2026-01-15,KORD,YSSY,AU-SX002,2026-01-15T15:30:00Z,2026-01-16T08:46:00Z,scheduled
FLT-00750,SCH-00042,SX102,2026-01-16,KORD,YSSY,AU-SX003,2026-01-16T15:30:00Z,2026-01-17T08:46:00Z,scheduled
FLT-00751,SCH-00042,SX102,2026-01-17,KORD,YSSY,AU-SX004,2026-01-17T15:30:00Z,2026-01-18T08:46:00Z,scheduled
FLT-00752,SCH-00042,SX102,2026-01-18,KORD,YSSY,AU-SX001,2026-01-18T15:30:00Z,2026-01-19T08:46:00Z,scheduled
FLT-00753,SCH-00042,SX102,2026-01-19,KORD,YSSY,AU-SX002,2026-01-19T15:30:00Z,2026-01-20T08:46:00Z,scheduled
FLT-00754,SCH-00042,SX102,2026-01-20,KORD,YSSY,AU-SX003,2026-01-20T15:30:00Z,2026-01-21T08:46:00Z,scheduled
FLT-00755,SCH-00042,SX102,2026-01-21,KORD,YSSY,AU-SX004,2026-01-21T15:30:00Z,2026-01-22T08:46:00Z,scheduled
FLT-00756,SCH-00042,SX102,2026-01-22,KORD,YSSY,AU-SX001,2026-01-22T15:30:00Z,2026-01-23T08:46:00Z,scheduled
FLT-00757,SCH-00043,SX103,2025-12-26,YSSY,ZBAA,AU-SX001,2025-12-26T02:00:00Z,2025-12-26T12:43:00Z,completed
FLT-00758,SCH-00043,SX103,2025-12-29,YSSY,ZBAA,AU-SX002,2025-12-29T02:00:00Z,2025-12-29T12:43:00Z,completed
FLT-00759,SCH-00043,SX103,2025-12-31,YSSY,ZBAA,AU-SX003,2025-12-31T02:00:00Z,2025-12-31T12:43:00Z,completed
FLT-00760,SCH-00043,SX103,2026-01-02,YSSY,ZBAA,AU-SX004,2026-01-02T02:00:00Z,2026-01-02T12:43:00Z,completed
FLT-00761,SCH-00043,SX103,2026-01-05,YSSY,ZBAA,AU-SX001,2026-01-05T02:00:00Z,2026-01-05T12:43:00Z,completed
FLT-00762,SCH-00043,SX103,2026-01-07,YSSY,ZBAA,AU-SX002,2026-01-07T02:00:00Z,2026-01-07T12:43:00Z,completed
FLT-00763,SCH-00043,SX103,2026-01-09,YSSY,ZBAA,AU-SX003,2026-01-09T02:00:00Z,2026-01-09T12:43:00Z,completed
FLT-00764,SCH-00043,SX103,2026-01-12,YSSY,ZBAA,AU-SX004,2026-01-12T02:00:00Z,2026-01-12T12:43:00Z,completed
FLT-00765,SCH-00043,SX103,2026-01-14,YSSY,ZBAA,AU-SX001,2026-01-14T02:00:00Z,2026-01-14T12:43:00Z,completed
FLT-00766,SCH-00043,SX103,2026-01-16,YSSY,ZBAA,AU-SX002,2026-01-16T02:00:00Z,2026-01-16T12:43:00Z,scheduled
FLT-00767,SCH-00043,SX103,2026-01-19,YSSY,ZBAA,AU-SX003,2026-01-19T02:00:00Z,2026-01-19T12:43:00Z,scheduled
FLT-00768,SCH-00043,SX103,2026-01-21,YSSY,ZBAA,AU-SX004,2026-01-21T02:00:00Z,2026-01-21T12:43:00Z,scheduled
FLT-00769,SCH-00044,SX104,2025-12-25,ZBAA,YSSY,AU-SX001,2025-12-25T07:30:00Z,2025-12-25T18:13:00Z,completed
FLT-00770,SCH-00044,SX104,2025-12-27,ZBAA,YSSY,AU-SX002,2025-12-27T07:30:00Z,2025-12-27T18:13:00Z,completed
FLT-00771,SCH-00044,SX104,2025-12-30,ZBAA,YSSY,AU-SX003,2025-12-30T07:30:00Z,2025-12-30T18:13:00Z,completed
FLT-00772,SCH-00044,SX104,2026-01-01,ZBAA,YSSY,AU-SX004,2026-01-01T07:30:00Z,2026-01-01T18:13:00Z,completed
FLT-00773,SCH-00044,SX104,2026-01-03,ZBAA,YSSY,AU-SX001,2026-01-03T07:30:00Z,2026-01-03T18:13:00Z,completed
FLT-00774,SCH-00044,SX104,2026-01-06,ZBAA,YSSY,AU-SX002,2026-01-06T07:30:00Z,2026-01-06T18:13:00Z,completed
FLT-00775,SCH-00044,SX104,2026-01-08,ZBAA,YSSY,AU-SX003,2026-01-08T07:30:00Z,2026-01-08T18:13:00Z,completed
FLT-00776,SCH-00044,SX104,2026-01-10,ZBAA,YSSY,AU-SX004,2026-01-10T07:30:00Z,2026-01-10T18:13:00Z,completed
FLT-00777,SCH-00044,SX104,2026-01-13,ZBAA,YSSY,AU-SX001,2026-01-13T07:30:00Z,2026-01-13T18:13:00Z,completed
FLT-00778,SCH-00044,SX104,2026-01-15,ZBAA,YSSY,AU-SX002,2026-01-15T07:30:00Z,2026-01-15T18:13:00Z,scheduled
FLT-00779,SCH-00044,SX104,2026-01-17,ZBAA,YSSY,AU-SX003,2026-01-17T07:30:00Z,2026-01-17T18:13:00Z,scheduled
FLT-00780,SCH-00044,SX104,2026-01-20,ZBAA,YSSY,AU-SX004,2026-01-20T07:30:00Z,2026-01-20T18:13:00Z,scheduled
FLT-00781,SCH-00044,SX104,2026-01-22,ZBAA,YSSY,AU-SX001,2026-01-22T07:30:00Z,2026-01-22T18:13:00Z,scheduled
FLT-00782,SCH-00045,SX105,2025-12-25,YSSY,KLAX,AU-SX001,2025-12-25T08:00:00Z,2025-12-25T22:09:00Z,completed
FLT-00783,SCH-00045,SX105,2025-12-26,YSSY,KLAX,AU-SX002,2025-12-26T08:00:00Z,2025-12-26T22:09:00Z,completed
FLT-00784,SCH-00045,SX105,2025-12-27,YSSY,KLAX,AU-SX003,2025-12-27T08:00:00Z,2025-12-27T22:09:00Z,completed
FLT-00785,SCH-00045,SX105,2025-12-28,YSSY,KLAX,AU-SX004,2025-12-28T08:00:00Z,2025-12-28T22:09:00Z,completed
FLT-00786,SCH-00045,SX105,2025-12-29,YSSY,KLAX,AU-SX001,2025-12-29T08:00:00Z,2025-12-29T22:09:00Z,completed
FLT-00787,SCH-00045,SX105,2025-12-30,YSSY,KLAX,AU-SX002,2025-12-30T08:00:00Z,2025-12-30T22:09:00Z,completed
FLT-00788,SCH-00045,SX105,2025-12-31,YSSY,KLAX,AU-SX003,2025-12-31T08:00:00Z,2025-12-31T22:09:00Z,completed
FLT-00789,SCH-00045,SX105,2026-01-01,YSSY,KLAX,AU-SX004,2026-01-01T08:00:00Z,2026-01-01T22:09:00Z,completed
FLT-00790,SCH-00045,SX105,2026-01-02,YSSY,KLAX,AU-SX001,2026-01-02T08:00:00Z,2026-01-02T22:09:00Z,completed
FLT-00791,SCH-00045,SX105,2026-01-03,YSSY,KLAX,AU-SX002,2026-01-03T08:00:00Z,2026-01-03T22:09:00Z,completed
FLT-00792,SCH-00045,SX105,2026-01-04,YSSY,KLAX,AU-SX003,2026-01-04T08:00:00Z,2026-01-04T22:09:00Z,completed
FLT-00793,SCH-00045,SX105,2026-01-05,YSSY,KLAX,AU-SX004,2026-01-05T08:00:00Z,2026-01-05T22:09:00Z,completed
FLT-00794,SCH-00045,SX105,2026-01-06,YSSY,KLAX,AU-SX001,2026-01-06T08:00:00Z,2026-01-06T22:09:00Z,completed
FLT-00795,SCH-00045,SX105,2026-01-07,YSSY,KLAX,AU-SX002,2026-01-07T08:00:00Z,2026-01-07T22:09:00Z,completed
FLT-00796,SCH-00045,SX105,2026-01-08,YSSY,KLAX,AU-SX003,2026-01-08T08:00:00Z,2026-01-08T22:09:00Z,completed
FLT-00797,SCH-00045,SX105,2026-01-09,YSSY,KLAX,AU-SX004,2026-01-09T08:00:00Z,2026-01-09T22:09:00Z,completed
FLT-00798,SCH-00045,SX105,2026-01-10,YSSY,KLAX,AU-SX001,2026-01-10T08:00:00Z,2026-01-10T22:09:00Z,completed
FLT-00799,SCH-00045,SX105,2026-01-11,YSSY,KLAX,AU-SX002,2026-01-11T08:00:00Z,2026-01-11T22:09:00Z,completed
FLT-00800,SCH-00045,SX105,2026-01-12,YSSY,KLAX,AU-SX003,2026-01-12T08:00:00Z,2026-01-12T22:09:00Z,completed
FLT-00801,SCH-00045,SX105,2026-01-13,YSSY,KLAX,AU-SX004,2026-01-13T08:00:00Z,2026-01-13T22:09:00Z,completed
FLT-00802,SCH-00045,SX105,2026-01-14,YSSY,KLAX,AU-SX001,2026-01-14T08:00:00Z,2026-01-14T22:09:00Z,completed
FLT-00803,SCH-00045,SX105,2026-01-15,YSSY,KLAX,AU-SX002,2026-01-15T08:00:00Z,2026-01-15T22:09:00Z,scheduled
FLT-00804,SCH-00045,SX105,2026-01-16,YSSY,KLAX,AU-SX003,2026-01-16T08:00:00Z,2026-01-16T22:09:00Z,scheduled
FLT-00805,SCH-00045,SX105,2026-01-17,YSSY,KLAX,AU-SX004,2026-01-17T08:00:00Z,2026-01-17T22:09:00Z,scheduled
FLT-00806,SCH-00045,SX105,2026-01-18,YSSY,KLAX,AU-SX001,2026-01-18T08:00:00Z,2026-01-18T22:09:00Z,scheduled
FLT-00807,SCH-00045,SX105,2026-01-19,YSSY,KLAX,AU-SX002,2026-01-19T08:00:00Z,2026-01-19T22:09:00Z,scheduled
FLT-00808,SCH-00045,SX105,2026-01-20,YSSY,KLAX,AU-SX003,2026-01-20T08:00:00Z,2026-01-20T22:09:00Z,scheduled
FLT-00809,SCH-00045,SX105,2026-01-21,YSSY,KLAX,AU-SX004,2026-01-21T08:00:00Z,2026-01-21T22:09:00Z,scheduled
FLT-00810,SCH-00045,SX105,2026-01-22,YSSY,KLAX,AU-SX001,2026-01-22T08:00:00Z,2026-01-22T22:09:00Z,scheduled
FLT-00811,SCH-00046,SX106,2025-12-26,KLAX,YSSY,AU-SX001,2025-12-26T14:30:00Z,2025-12-27T04:39:00Z,completed
FLT-00812,SCH-00046,SX106,2025-12-29,KLAX,YSSY,AU-SX002,2025-12-29T14:30:00Z,2025-12-30T04:39:00Z,completed
FLT-00813,SCH-00046,SX106,2025-12-31,KLAX,YSSY,AU-SX003,2025-12-31T14:30:00Z,2026-01-01T04:39:00Z,completed
FLT-00814,SCH-00046,SX106,2026-01-02,KLAX,YSSY,AU-SX004,2026-01-02T14:30:00Z,2026-01-03T04:39:00Z,completed
FLT-00815,SCH-00046,SX106,2026-01-05,KLAX,YSSY,AU-SX001,2026-01-05T14:30:00Z,2026-01-06T04:39:00Z,completed
FLT-00816,SCH-00046,SX106,2026-01-07,KLAX,YSSY,AU-SX002,2026-01-07T14:30:00Z,2026-01-08T04:39:00Z,completed
FLT-00817,SCH-00046,SX106,2026-01-09,KLAX,YSSY,AU-SX003,2026-01-09T14:30:00Z,2026-01-10T04:39:00Z,completed
FLT-00818,SCH-00046,SX106,2026-01-12,KLAX,YSSY,AU-SX004,2026-01-12T14:30:00Z,2026-01-13T04:39:00Z,completed
FLT-00819,SCH-00046,SX106,2026-01-14,KLAX,YSSY,AU-SX001,2026-01-14T14:30:00Z,2026-01-15T04:39:00Z,completed
FLT-00820,SCH-00046,SX106,2026-01-16,KLAX,YSSY,AU-SX002,2026-01-16T14:30:00Z,2026-01-17T04:39:00Z,scheduled
FLT-00821,SCH-00046,SX106,2026-01-19,KLAX,YSSY,AU-SX003,2026-01-19T14:30:00Z,2026-01-20T04:39:00Z,scheduled
FLT-00822,SCH-00046,SX106,2026-01-21,KLAX,YSSY,AU-SX004,2026-01-21T14:30:00Z,2026-01-22T04:39:00Z,scheduled
FLT-00823,SCH-00047,SX107,2025-12-25,YSSY,WSSS,AU-SX001,2025-12-24T23:00:00Z,2025-12-25T06:45:00Z,completed
FLT-00824,SCH-00047,SX107,2025-12-27,YSSY,WSSS,AU-SX002,2025-12-26T23:00:00Z,2025-12-27T06:45:00Z,completed
FLT-00825,SCH-00047,SX107,2025-12-30,YSSY,WSSS,AU-SX003,2025-12-29T23:00:00Z,2025-12-30T06:45:00Z,completed
FLT-00826,SCH-00047,SX107,2026-01-01,YSSY,WSSS,AU-SX004,2025-12-31T23:00:00Z,2026-01-01T06:45:00Z,completed
FLT-00827,SCH-00047,SX107,2026-01-03,YSSY,WSSS,AU-SX001,2026-01-02T23:00:00Z,2026-01-03T06:45:00Z,completed
FLT-00828,SCH-00047,SX107,2026-01-06,YSSY,WSSS,AU-SX002,2026-01-05T23:00:00Z,2026-01-06T06:45:00Z,completed
FLT-00829,SCH-00047,SX107,2026-01-08,YSSY,WSSS,AU-SX003,2026-01-07T23:00:00Z,2026-01-08T06:45:00Z,completed
FLT-00830,SCH-00047,SX107,2026-01-10,YSSY,WSSS,AU-SX004,2026-01-09T23:00:00Z,2026-01-10T06:45:00Z,completed
FLT-00831,SCH-00047,SX107,2026-01-13,YSSY,WSSS,AU-SX001,2026-01-12T23:00:00Z,2026-01-13T06:45:00Z,completed
FLT-00832,SCH-00047,SX107,2026-01-15,YSSY,WSSS,AU-SX002,2026-01-14T23:00:00Z,2026-01-15T06:45:00Z,scheduled
FLT-00833,SCH-00047,SX107,2026-01-17,YSSY,WSSS,AU-SX003,2026-01-16T23:00:00Z,2026-01-17T06:45:00Z,scheduled
FLT-00834,SCH-00047,SX107,2026-01-20,YSSY,WSSS,AU-SX004,2026-01-19T23:00:00Z,2026-01-20T06:45:00Z,scheduled
FLT-00835,SCH-00047,SX107,2026-01-22,YSSY,WSSS,AU-SX001,2026-01-21T23:00:00Z,2026-01-22T06:45:00Z,scheduled
FLT-00836,SCH-00048,SX108,2025-12-25,WSSS,YSSY,AU-SX001,2025-12-25T04:30:00Z,2025-12-25T12:15:00Z,completed
FLT-00837,SCH-00048,SX108,2025-12-26,WSSS,YSSY,AU-SX002,2025-12-26T04:30:00Z,2025-12-26T12:15:00Z,completed
FLT-00838,SCH-00048,SX108,2025-12-27,WSSS,YSSY,AU-SX003,2025-12-27T04:30:00Z,2025-12-27T12:15:00Z,completed
FLT-00839,SCH-00048,SX108,2025-12-28,WSSS,YSSY,AU-SX004,2025-12-28T04:30:00Z,2025-12-28T12:15:00Z,completed
FLT-00840,SCH-00048,SX108,2025-12-29,WSSS,YSSY,AU-SX001,2025-12-29T04:30:00Z,2025-12-29T12:15:00Z,completed
FLT-00841,SCH-00048,SX108,2025-12-30,WSSS,YSSY,AU-SX002,2025-12-30T04:30:00Z,2025-12-30T12:15:00Z,completed
FLT-00842,SCH-00048,SX108,2025-12-31,WSSS,YSSY,AU-SX003,2025-12-31T04:30:00Z,2025-12-31T12:15:00Z,completed
FLT-00843,SCH-00048,SX108,2026-01-01,WSSS,YSSY,AU-SX004,2026-01-01T04:30:00Z,2026-01-01T12:15:00Z,completed
FLT-00844,SCH-00048,SX108,2026-01-02,WSSS,YSSY,AU-SX001,2026-01-02T04:30:00Z,2026-01-02T12:15:00Z,completed
FLT-00845,SCH-00048,SX108,2026-01-03,WSSS,YSSY,AU-SX002,2026-01-03T04:30:00Z,2026-01-03T12:15:00Z,completed
FLT-00846,SCH-00048,SX108,2026-01-04,WSSS,YSSY,AU-SX003,2026-01-04T04:30:00Z,2026-01-04T12:15:00Z,completed
FLT-00847,SCH-00048,SX108,2026-01-05,WSSS,YSSY,AU-SX004,2026-01-05T04:30:00Z,2026-01-05T12:15:00Z,completed
FLT-00848,SCH-00048,SX108,2026-01-06,WSSS,YSSY,AU-SX001,2026-01-06T04:30:00Z,2026-01-06T12:15:00Z,completed
FLT-00849,SCH-00048,SX108,2026-01-07,WSSS,YSSY,AU-SX002,2026-01-07T04:30:00Z,2026-01-07T12:15:00Z,completed
FLT-00850,SCH-00048,SX108,2026-01-08,WSSS,YSSY,AU-SX003,2026-01-08T04:30:00Z,2026-01-08T12:15:00Z,completed
FLT-00851,SCH-00048,SX108,2026-01-09,WSSS,YSSY,AU-SX004,2026-01-09T04:30:00Z,2026-01-09T12:15:00Z,completed
FLT-00852,SCH-00048,SX108,2026-01-10,WSSS,YSSY,AU-SX001,2026-01-10T04:30:00Z,2026-01-10T12:15:00Z,completed
FLT-00853,SCH-00048,SX108,2026-01-11,WSSS,YSSY,AU-SX002,2026-01-11T04:30:00Z,2026-01-11T12:15:00Z,completed
FLT-00854,SCH-00048,SX108,2026-01-12,WSSS,YSSY,AU-SX003,2026-01-12T04:30:00Z,2026-01-12T12:15:00Z,completed
FLT-00855,SCH-00048,SX108,2026-01-13,WSSS,YSSY,AU-SX004,2026-01-13T04:30:00Z,2026-01-13T12:15:00Z,completed
FLT-00856,SCH-00048,SX108,2026-01-14,WSSS,YSSY,AU-SX001,2026-01-14T04:30:00Z,2026-01-14T12:15:00Z,completed
FLT-00857,SCH-00048,SX108,2026-01-15,WSSS,YSSY,AU-SX002,2026-01-15T04:30:00Z,2026-01-15T12:15:00Z,scheduled
FLT-00858,SCH-00048,SX108,2026-01-16,WSSS,YSSY,AU-SX003,2026-01-16T04:30:00Z,2026-01-16T12:15:00Z,scheduled
FLT-00859,SCH-00048,SX108,2026-01-17,WSSS,YSSY,AU-SX004,2026-01-17T04:30:00Z,2026-01-17T12:15:00Z,scheduled
FLT-00860,SCH-00048,SX108,2026-01-18,WSSS,YSSY,AU-SX001,2026-01-18T04:30:00Z,2026-01-18T12:15:00Z,scheduled
FLT-00861,SCH-00048,SX108,2026-01-19,WSSS,YSSY,AU-SX002,2026-01-19T04:30:00Z,2026-01-19T12:15:00Z,scheduled
FLT-00862,SCH-00048,SX108,2026-01-20,WSSS,YSSY,AU-SX003,2026-01-20T04:30:00Z,2026-01-20T12:15:00Z,scheduled
FLT-00863,SCH-00048,SX108,2026-01-21,WSSS,YSSY,AU-SX004,2026-01-21T04:30:00Z,2026-01-21T12:15:00Z,scheduled
FLT-00864,SCH-00048,SX108,2026-01-22,WSSS,YSSY,AU-SX001,2026-01-22T04:30:00Z,2026-01-22T12:15:00Z,scheduled
